generation,path_1,path_2,path_3,path_4,path_5,path_6,path_7,path_8
1,484.491,484.491,484.491,484.491,484.491,499.424,536.31,536.31
2,475.335,475.335,475.335,475.335,475.335,475.335,475.335,491.54
3,473.322,473.322,473.322,473.322,473.322,473.322,475.335,475.335
4,457.012,457.012,457.012,457.012,457.012,459.53,473.322,474.995
5,457.012,457.012,457.012,457.012,457.012,457.012,466.734,466.734
6,455.922,455.922,455.922,455.922,455.922,455.922,457.012,465.628
7,447.649,447.649,447.649,447.649,447.649,447.649,449.357,449.357
8,447.537,447.537,447.537,447.537,447.537,447.537,447.537,447.649
9,441.857,441.857,441.857,441.857,441.857,447.013,447.537,447.537
10,440.175,440.175,440.175,440.175,440.175,441.81,441.857,446.845
11,440.175,440.175,440.175,440.175,440.175,440.175,440.175,440.175
12,435.081,435.081,435.081,435.081,435.081,440.175,440.175,442.021
13,435.135,435.135,435.135,435.135,435.135,435.135,435.135,438.507
14,429.448,429.448,429.448,429.448,429.448,429.448,429.448,441.429
15,426.054,426.054,426.054,426.054,429.448,429.448,429.448,440.32
16,426.054,426.054,426.054,426.054,426.054,426.054,429.448,429.448
17,426.054,426.054,426.054,426.054,426.054,426.054,426.054,430.982
18,425.043,425.043,425.043,425.043,426.054,426.054,426.054,426.054
19,425.043,425.043,425.043,425.043,425.043,425.043,426.054,426.054
20,425.043,425.043,425.043,425.043,425.043,425.043,425.043,426.054
21,423.038,423.038,423.038,423.038,423.038,423.038,423.038,424.111
22,422.775,422.775,422.775,422.775,422.775,422.775,422.775,423.038
23,421.776,421.776,421.776,421.776,421.776,421.776,422.775,430.594
24,415.347,415.347,415.347,415.347,415.347,415.347,428.213,439.449
25,415.347,415.347,415.347,415.347,415.347,415.347,415.347,415.347
26,413.769,413.769,413.769,413.769,413.769,413.769,415.323,415.347
27,413.579,413.579,413.579,413.579,413.579,413.579,413.579,413.769
28,413.579,413.579,413.579,413.579,413.579,413.579,413.579,413.579
29,401.283,401.283,401.283,401.283,411.428,413.579,413.579,419.021
30,401.283,401.283,401.283,401.283,401.283,401.283,401.631,401.631
31,398.315,398.315,398.315,398.315,398.315,398.315,401.283,406.432
32,398.315,398.315,398.315,398.315,398.315,398.315,398.315,398.315
33,394.396,394.396,394.396,394.396,398.315,398.315,398.315,406.737
34,393.29,393.29,393.29,393.29,393.29,395.617,398.054,398.054
35,393.29,393.29,393.29,393.29,393.29,393.29,393.29,395.131
36,393.29,393.29,393.29,393.29,393.29,393.29,393.29,395.131
37,393.29,393.29,393.29,393.29,393.29,393.29,393.29,393.29
38,393.29,393.29,393.29,393.29,393.29,393.29,393.29,393.29
39,385.273,385.273,385.273,385.273,392.985,392.985,392.985,397.564
40,384.276,384.276,384.276,384.276,384.276,389.449,393.558,393.558
41,384.276,384.276,384.276,384.276,384.276,384.276,384.276,400.986
42,384.276,384.276,384.276,384.276,384.276,384.276,384.276,384.276
43,379.904,379.904,379.904,379.904,379.904,379.904,384.276,384.276
44,375.266,375.266,375.266,375.266,375.266,375.266,375.266,379.904
45,368.714,368.714,368.714,368.714,368.714,374.351,388.623,390.918
46,368.714,368.714,368.714,368.714,368.714,368.714,368.714,368.714
47,368.714,368.714,368.714,368.714,368.714,368.714,368.714,377.156
48,366.907,366.907,366.907,366.907,366.907,368.714,368.714,371.986
49,362.844,362.844,362.844,362.844,366.907,366.907,367.227,370.292
50,356.781,356.781,356.781,356.781,356.781,356.781,362.93,366.608
51,355.013,355.013,355.013,355.013,355.013,357.988,358.997,362.435
52,355.013,355.013,355.013,355.013,355.013,355.013,355.013,369.135
53,351.069,351.069,351.069,351.069,351.069,351.069,354.719,355.013
54,351.069,351.069,351.069,351.069,351.069,351.069,351.069,351.069
55,345.396,345.396,345.396,345.396,345.396,348.86,351.069,351.069
56,345.396,345.396,345.396,345.396,345.396,345.396,354.618,362.145
57,345.396,345.396,345.396,345.396,345.396,345.396,363.075,371.655
58,345.396,345.396,345.396,345.396,345.396,345.396,345.821,353.986
59,345.396,345.396,345.396,345.396,345.396,345.396,345.396,353.986
60,342.188,342.188,342.188,342.188,342.188,342.188,342.188,342.188
61,342.177,342.177,342.177,342.177,342.177,342.177,342.177,342.188
62,336.011,336.011,336.011,336.011,336.011,336.011,336.011,342.177
63,336.011,336.011,336.011,336.011,336.011,336.011,350.483,350.483
64,332.464,332.464,332.464,332.464,332.464,332.464,352.697,352.697
65,332.464,332.464,332.464,332.464,332.464,332.464,332.464,332.464
66,332.464,332.464,332.464,332.464,332.464,332.464,332.464,332.687
67,332.464,332.464,332.464,332.464,332.464,337.099,337.099,343.78
68,332.464,332.464,332.464,332.464,332.464,332.464,332.464,353.243
69,331.206,331.206,331.206,331.206,331.206,331.206,332.464,338.123
70,330.993,330.993,330.993,330.993,330.993,330.993,331.206,332.464
71,330.993,330.993,330.993,330.993,330.993,330.993,330.993,332.715
72,330.956,330.956,330.956,330.956,330.956,331.626,331.894,333.138
73,327.994,327.994,327.994,330.956,331.626,335.735,339.172,347.1
74,327.994,327.994,327.994,327.994,327.994,328.031,328.031,341.832
75,327.016,327.016,327.016,327.016,327.016,327.016,328.031,337.256
76,327.016,327.016,327.016,327.016,327.016,327.016,328.031,332.307
77,327.016,327.016,327.016,327.016,327.016,327.016,327.053,331.646
78,327.016,327.016,327.016,327.016,327.016,327.016,327.016,331.646
79,326.865,326.865,326.865,326.865,326.865,326.865,326.865,327.016
80,326.865,326.865,326.865,326.865,326.865,326.865,326.865,326.865
81,326.865,326.865,326.865,326.865,326.865,326.865,326.865,326.865
82,326.865,326.865,326.865,326.865,326.865,326.865,326.865,326.865
83,326.865,326.865,326.865,326.865,326.865,326.865,326.865,326.865
84,326.865,326.865,326.865,326.865,326.865,326.865,326.865,326.865
85,326.8,326.8,326.8,326.8,326.8,326.865,326.865,330.256
86,326.364,326.364,326.364,326.364,326.364,326.626,326.626,329.871
87,325.059,325.059,325.059,325.059,326.364,326.364,326.364,327.084
88,324.494,324.494,324.494,324.494,324.494,324.494,325.059,325.412
89,324.494,324.494,324.494,324.494,324.494,324.494,324.494,324.494
90,321.868,321.868,321.868,321.868,321.868,324.494,324.494,324.494
91,321.868,321.868,321.868,321.868,321.868,321.868,321.868,341.113
92,321.868,321.868,321.868,321.868,321.868,321.868,321.868,322.504
93,321.868,321.868,321.868,321.868,321.868,321.868,321.868,333.462
94,321.868,321.868,321.868,321.868,321.868,321.868,326.984,339.686
95,320.047,320.047,320.047,320.047,321.868,332.407,345.914,345.914
96,314.927,314.927,314.927,314.927,314.927,325.002,340.376,350.403
97,314.927,314.927,314.927,314.927,314.927,314.927,314.927,356.294
98,314.927,314.927,314.927,314.927,314.927,316.861,328.659,328.659
99,314.927,314.927,314.927,314.927,314.927,314.927,314.927,328.659
100,314.927,314.927,314.927,314.927,314.927,314.927,314.927,314.927
101,314.927,314.927,314.927,314.927,314.927,314.927,314.927,320.713
102,314.927,314.927,314.927,314.927,314.927,314.927,314.927,314.927
103,311.174,311.174,311.174,311.174,311.174,311.174,311.174,314.927
104,311.174,311.174,311.174,311.174,311.174,311.174,311.174,314.927
105,311.116,311.116,311.116,311.116,311.116,311.116,311.174,311.174
106,308.433,308.433,308.433,308.433,308.433,308.433,311.116,311.116
107,308.433,308.433,308.433,308.433,308.433,308.433,308.433,308.433
108,308.433,308.433,308.433,308.433,308.433,308.763,308.763,316.647
109,308.433,308.433,308.433,308.433,308.433,308.433,313.914,322.353
110,308.433,308.433,308.433,308.433,308.433,321.531,321.531,324.519
111,311.54,311.54,311.54,311.54,311.54,312.945,312.945,316.941
112,316.894,316.894,316.894,316.894,316.894,317.662,318.026,318.048
113,310.467,310.467,310.467,310.467,310.467,310.467,310.467,323.332
114,310.467,310.467,310.467,310.467,310.467,310.467,310.467,310.467
115,310.467,310.467,310.467,310.467,310.467,310.467,310.467,310.467
116,310.467,310.467,310.467,310.467,310.467,310.467,310.467,327.872
117,310.467,310.467,310.467,310.467,310.467,310.467,315.269,324.403
118,307.552,307.552,307.552,307.552,307.552,310.125,323.562,347.392
119,307.552,307.552,307.552,307.552,307.552,307.552,307.552,309.628
120,302.836,302.836,302.836,302.836,302.836,302.836,302.836,307.552
121,296.561,296.561,296.561,296.561,296.561,296.561,296.561,311.605
122,296.561,296.561,296.561,296.561,296.561,296.561,296.561,303.166
123,295.086,295.086,295.086,295.086,295.086,296.561,300.824,303.166
124,295.086,295.086,295.086,295.086,295.086,295.086,295.086,306.18
125,292.5,292.5,292.5,292.5,293.483,293.483,295.086,295.086
126,292.64,292.64,292.64,292.64,292.64,292.64,295.086,307.919
127,288.92,288.92,288.92,288.92,292.64,297.824,297.824,309.52
128,288.92,288.92,292.561,294.556,297.562,302.075,302.287,315.702
129,288.92,288.92,288.92,288.92,288.92,288.92,288.92,288.92
130,288.741,288.741,288.741,288.741,288.741,288.741,288.92,294.321
131,287.344,287.344,287.344,287.344,287.344,287.344,288.741,288.741
132,287.344,287.344,287.344,287.344,287.344,288.741,298.287,298.287
133,287.344,287.344,287.344,287.344,287.344,291.562,296.289,296.289
134,285.895,285.895,285.895,285.895,285.895,289.966,289.966,311.732
135,285.895,285.895,285.895,285.895,285.895,285.895,285.895,287.344
136,285.895,285.895,285.895,285.895,285.895,285.895,287.344,287.344
137,285.895,285.895,285.895,285.895,285.895,285.895,285.895,285.895
138,284.337,284.337,284.337,284.337,284.337,285.895,285.895,301.347
139,280.76,280.76,280.76,280.76,280.76,280.76,301.456,315.224
140,279.347,279.347,279.347,279.347,279.347,280.76,280.76,337.808
141,279.347,279.347,279.347,279.347,281.015,281.015,281.015,329.263
142,279.347,279.347,279.347,279.347,279.347,279.347,280.51,280.82
143,271.654,271.654,271.654,271.654,271.654,271.654,271.654,305.943
144,271.654,271.654,271.654,271.654,271.654,271.654,271.654,320.318
145,271.654,271.654,271.654,271.654,271.654,271.654,274.654,281.621
146,266.84,266.84,266.84,266.84,266.84,271.654,271.654,271.654
147,268.543,268.543,268.543,268.543,269.467,269.467,277.903,292.804
148,264.337,264.337,264.337,264.337,264.337,277.903,280.31,281.138
149,264.337,264.337,264.337,264.337,264.337,264.337,264.337,264.337
150,264.078,264.078,264.078,264.078,264.078,264.337,266.971,274.135
151,262.907,262.907,262.907,262.907,262.907,264.078,264.078,270.566
152,261.606,261.606,261.606,261.606,261.606,261.606,261.606,262.907
153,261.606,261.606,261.606,261.606,261.606,261.606,261.606,267.34
154,259.191,259.191,259.191,259.191,259.191,259.191,261.606,261.97
155,259.191,259.191,259.191,259.191,259.191,259.191,259.191,259.191
156,259.191,259.191,259.191,259.191,259.191,259.191,259.191,259.191
157,259.191,259.191,259.191,259.191,259.191,259.191,259.191,259.191
158,259.191,259.191,259.191,259.191,259.191,259.191,259.191,259.191
159,259.191,259.191,259.191,259.191,259.191,259.191,259.191,260.518
160,259.191,259.191,259.191,259.191,259.191,259.191,259.191,259.191
161,259.191,259.191,259.191,259.191,259.191,259.191,259.191,259.191
162,258.875,258.875,258.875,259.191,259.191,259.191,259.191,259.191
163,258.875,258.875,258.875,258.875,258.875,258.875,258.875,259.191
164,258.875,258.875,258.875,258.875,258.875,258.875,258.875,264.995
165,258.875,258.875,258.875,258.875,258.875,258.875,258.875,258.875
166,258.875,258.875,258.875,258.875,258.875,258.875,258.875,258.875
167,258.875,258.875,258.875,258.875,258.875,263.811,263.811,281.028
168,258.875,258.875,258.875,258.875,258.875,258.875,274.74,278.486
169,258.875,258.875,258.875,258.875,258.875,258.875,258.875,270.915
170,258.875,258.875,258.875,258.875,258.875,258.875,258.875,268.223
171,258.875,258.875,258.875,258.875,258.875,258.875,258.875,263.183
172,255.8,255.8,255.8,255.8,255.8,258.875,258.875,258.875
173,253.933,253.933,253.933,253.933,253.933,253.933,255.8,255.8
174,253.933,253.933,253.933,253.933,253.933,253.933,253.933,276.22
175,253.701,253.701,253.701,253.701,253.933,253.933,253.933,253.933
176,253.701,253.701,253.701,253.701,253.701,253.701,253.701,253.701
177,253.701,253.701,253.701,253.701,253.701,253.701,253.701,287.903
178,253.701,253.701,253.701,253.701,253.701,253.701,253.701,286.045
179,253.701,253.701,253.701,253.701,253.701,253.701,267.407,267.943
180,253.701,253.701,253.701,253.701,253.701,253.701,253.701,255.748
181,253.701,253.701,253.701,253.701,253.701,253.701,255.098,287.424
182,253.701,253.701,253.701,253.701,253.701,258.208,258.208,270.425
183,253.701,253.701,253.701,253.701,253.701,253.701,254.516,291.6
184,253.701,253.701,253.701,253.701,253.701,253.701,253.786,265.649
185,249.476,249.476,249.476,249.476,249.476,259.124,268.435,268.435
186,249.476,249.476,249.476,249.476,249.476,249.476,264.602,270.753
187,249.476,249.476,249.476,249.476,249.476,249.476,249.476,264.314
188,249.476,249.476,249.476,249.476,249.476,254.336,263.25,267.908
189,249.476,249.476,249.476,249.476,249.476,249.476,249.476,249.944
190,249.476,249.476,249.476,249.476,249.929,263.68,263.68,281.725
191,249.476,249.476,249.476,249.476,249.476,249.476,249.476,281.725
192,249.476,249.476,249.476,249.476,249.476,249.476,249.476,259.617
193,249.476,249.476,249.476,249.476,249.476,249.476,260.061,261.949
194,247.257,247.257,247.257,247.257,247.257,249.476,269.779,270.27
195,247.257,247.257,247.257,247.257,247.257,247.257,247.257,247.257
196,247.257,247.257,247.257,247.257,247.257,247.257,247.257,247.257
197,247.257,247.257,247.257,247.257,247.257,259.759,260.37,260.37
198,247.257,247.257,247.257,247.257,247.257,247.257,249.142,249.142
199,247.257,247.257,247.257,247.257,247.257,247.257,247.257,247.257
200,246.948,246.948,246.948,246.948,246.948,246.948,247.257,269.797
201,244.263,244.263,244.263,244.263,244.263,244.263,251.988,257.511
202,240.383,240.383,240.383,240.383,240.383,240.383,240.383,250.598
203,240.383,240.383,240.383,240.383,240.383,240.383,240.383,241.81
204,240.383,240.383,240.383,240.383,240.383,240.383,240.383,241.896
205,240.383,240.383,240.383,240.383,240.383,240.383,241.486,264.467
206,240.383,240.383,240.383,240.383,240.383,240.383,240.383,241.486
207,240.383,240.383,240.383,240.383,240.383,240.383,240.383,240.383
208,236.32,236.32,236.32,236.32,236.32,240.383,254.856,254.93
209,236.32,236.32,236.32,236.32,236.32,240.383,240.383,254.856
210,236.32,236.32,236.32,236.32,236.32,236.32,236.32,236.32
211,236.32,236.32,236.32,236.32,236.32,236.32,236.32,252
212,236.32,236.32,236.32,236.32,236.32,236.32,245.769,254.95
213,236.32,236.32,236.32,236.32,236.32,236.32,254.242,258.731
214,236.32,236.32,236.32,236.32,236.32,236.32,253.259,254.242
215,236.32,236.32,236.32,236.32,236.32,236.32,236.32,251.843
216,235.022,235.022,235.022,235.022,235.022,236.32,236.32,253.651
217,235.022,235.022,235.022,235.022,235.022,235.022,235.022,236.32
218,235.022,235.022,235.022,235.022,235.022,235.022,235.022,235.402
219,235.022,235.022,235.022,235.022,235.022,235.022,235.022,235.022
220,235.022,235.022,235.022,235.022,235.022,235.022,235.022,236.518
221,235.022,235.022,235.022,235.022,235.022,235.022,246.501,262.165
222,235.029,235.029,235.029,235.029,235.029,235.029,235.029,253.514
223,235.029,235.029,235.029,235.029,235.029,235.029,235.029,249.431
224,233.675,233.675,233.675,233.675,233.675,235.029,235.029,261.652
225,233.675,233.675,233.675,233.675,233.675,233.675,247.871,247.871
226,233.675,233.675,233.675,233.675,233.675,233.675,233.675,251.724
227,233.675,233.675,233.675,233.675,233.675,233.675,240.765,242.931
228,233.675,233.675,233.675,233.675,233.675,233.675,233.675,233.675
229,233.675,233.675,233.675,233.675,233.675,233.675,233.675,233.675
230,232.38,232.38,232.38,232.38,232.38,232.38,233.675,233.675
231,232.38,232.38,232.38,232.38,232.38,232.38,232.38,241.368
232,232.38,232.38,232.38,232.38,232.38,232.38,232.38,232.38
233,232.38,232.38,232.38,232.38,232.38,232.38,232.38,232.38
234,232.38,232.38,232.38,232.38,232.38,232.38,232.38,232.38
235,232.38,232.38,232.38,232.38,232.38,232.38,232.38,265.769
236,232.38,232.38,232.38,232.38,232.38,232.38,232.38,265.42
237,232.38,232.38,232.38,232.38,232.38,232.38,232.38,232.38
238,232.38,232.38,232.38,232.38,232.38,232.38,246.88,247.304
239,232.38,232.38,232.38,232.38,232.38,233.569,246.88,269.011
240,232.38,232.38,232.38,232.38,232.38,232.38,232.38,247.968
241,232.38,232.38,232.38,232.38,232.38,232.38,232.38,232.38
242,232.38,232.38,232.38,232.38,232.38,232.38,247.801,252.31
243,232.38,232.38,232.38,232.38,234.466,244.65,244.65,244.65
244,232.38,232.38,232.38,232.38,232.38,232.38,232.38,232.38
245,232.38,232.38,232.38,232.38,232.38,232.38,232.38,232.38
246,232.38,232.38,232.38,232.38,232.38,232.38,232.38,232.38
247,232.38,232.38,232.38,232.38,232.38,232.38,232.38,252.881
248,232.38,232.38,232.38,232.38,232.38,232.38,248.329,259.085
249,232.38,232.38,232.38,232.38,232.38,232.38,234.495,260.672
250,232.38,232.38,232.38,243.747,247.38,247.38,247.38,248.884
251,238.403,238.403,238.403,238.403,238.403,238.403,238.403,247.38
252,238.403,238.403,238.403,238.403,238.403,238.403,238.403,238.403
253,238.403,238.403,238.403,238.403,238.403,238.403,238.403,238.403
254,238.403,238.403,238.403,238.403,238.403,238.403,238.403,238.403
255,238.403,238.403,238.403,238.403,238.403,238.403,238.403,238.403
256,238.403,238.403,238.403,238.403,238.403,238.403,238.403,238.403
257,235.712,235.712,235.712,235.712,235.712,238.403,238.403,258.177
258,235.712,235.712,235.712,235.712,235.712,235.712,235.712,235.712
259,235.712,235.712,235.712,235.712,235.712,237.043,237.043,237.043
260,233.996,233.996,233.996,233.996,235.712,235.712,243.292,248.203
261,233.996,233.996,233.996,233.996,233.996,233.996,241.286,247.987
262,233.996,233.996,233.996,233.996,242.447,247.447,248.33,276.803
263,241.938,241.938,241.938,241.938,241.938,241.938,251.896,251.896
264,236.718,236.718,236.718,236.718,236.718,236.718,236.718,251.443
265,236.718,236.718,236.718,236.718,236.718,236.718,236.718,240.528
266,236.464,236.464,236.464,236.464,236.464,236.464,236.464,262.965
267,235.768,235.768,236.464,236.464,236.464,236.464,236.464,236.464
268,236.464,236.464,236.464,236.464,236.464,236.464,236.464,236.464
269,236.464,236.464,236.464,236.464,236.464,236.464,240.008,250.684
270,236.464,236.464,236.464,236.464,236.464,236.464,236.464,240.008
271,236.117,236.117,236.117,236.117,236.464,236.464,236.464,245.232
272,236.117,236.117,236.117,236.117,236.117,236.117,236.464,266.992
273,236.117,236.117,236.117,236.117,236.117,236.117,236.117,245.436
274,230.727,230.727,230.727,230.727,230.727,236.117,236.117,236.117
275,230.727,230.727,230.727,230.727,230.727,230.727,230.727,230.961
276,230.727,230.727,230.727,230.727,230.727,231.676,240.964,240.964
277,230.727,230.727,230.727,230.727,230.727,230.727,230.727,242.195
278,230.727,230.727,230.727,230.727,230.727,230.727,230.727,233.342
279,229.192,229.192,229.192,229.192,229.192,229.192,230.727,230.727
280,229.192,229.192,229.192,229.192,229.192,229.192,230.727,230.727
281,229.192,229.192,229.192,229.192,229.192,229.192,229.192,229.192
282,229.192,229.192,229.192,229.192,229.192,229.192,229.192,235.254
283,229.192,229.192,229.192,229.192,229.192,229.192,229.192,262.965
284,229.192,229.192,229.192,229.192,229.192,229.192,229.192,258.679
285,229.192,229.192,229.192,229.192,229.192,229.192,229.192,229.192
286,229.192,229.192,229.192,229.192,229.192,229.192,229.192,229.192
287,229.192,229.192,229.192,229.192,229.192,229.192,229.192,263.386
288,229.192,229.192,229.192,229.192,229.192,229.192,229.192,238.739
289,229.192,229.192,229.192,229.192,229.192,229.192,229.192,244.811
290,229.192,229.192,229.192,229.192,229.192,229.192,229.192,245.917
291,229.192,229.192,229.192,229.192,229.192,229.192,229.192,229.192
292,229.192,229.192,229.192,229.192,229.192,229.192,229.192,236.456
293,229.192,229.192,229.192,229.192,229.192,229.192,229.192,229.192
294,229.192,229.192,229.192,229.192,229.192,229.192,229.192,229.192
295,224.491,224.491,224.491,226.842,226.842,229.192,229.192,247.305
296,228.204,228.204,228.204,228.204,228.204,228.204,229.192,240.076
297,227.079,227.079,227.079,227.079,227.079,228.204,228.204,230.813
298,227.079,227.079,227.079,227.079,227.079,228.204,230.813,246.369
299,227.079,227.079,227.079,227.079,227.079,227.079,237.323,243.035
300,227.079,227.079,227.079,227.079,227.079,227.079,227.079,227.079
301,227.079,227.079,227.079,227.079,227.079,227.079,227.079,227.079
302,227.079,227.079,227.079,227.079,227.079,227.079,227.079,248.209
303,227.079,227.079,227.079,227.079,227.079,227.079,248.209,276.52
304,227.079,227.079,227.079,227.079,227.079,227.079,227.079,250.612
305,227.079,227.079,227.079,227.079,227.079,232.8,234.863,234.863
306,229.42,229.42,229.42,229.42,229.42,229.42,230.514,230.675
307,228.642,228.642,228.642,228.642,228.642,228.642,228.642,229.42
308,228.642,228.642,228.642,228.642,228.642,228.642,228.841,229.761
309,228.642,228.642,228.642,228.642,228.642,228.642,231.995,232.301
310,228.642,228.642,228.642,228.642,228.642,228.642,228.642,228.642
311,228.642,228.642,228.642,228.642,228.642,228.642,228.642,228.642
312,228.642,228.642,228.642,228.642,228.642,228.642,228.642,228.642
313,225.414,225.414,225.414,225.414,228.642,228.642,228.642,237.312
314,225.414,225.414,225.414,225.414,225.414,225.414,229.44,231.169
315,223.715,223.715,223.715,223.715,223.715,223.715,223.715,231.937
316,222.739,222.739,222.739,222.739,222.739,222.739,223.715,223.715
317,222.739,222.739,222.739,222.739,222.739,222.739,222.739,257.159
318,222.739,222.739,222.739,222.739,222.739,222.739,222.739,224.167
319,222.739,222.739,222.739,222.739,222.739,222.739,222.739,248.762
320,222.739,222.739,222.739,222.739,222.739,222.739,222.739,222.739
321,222.739,222.739,222.739,222.739,222.739,222.739,222.739,222.739
322,222.739,222.739,222.739,222.739,222.739,222.739,222.739,256.303
323,222.739,222.739,222.739,222.739,222.739,222.739,222.739,223.454
324,222.739,222.739,222.739,222.739,222.739,222.739,222.739,222.739
325,222.739,222.739,222.739,222.739,222.739,222.739,222.739,230.116
326,222.739,222.739,222.739,222.739,222.739,222.739,226.493,234.238
327,222.739,222.739,222.739,222.739,222.739,228.443,239.737,243.347
328,222.739,222.739,222.739,222.739,222.739,222.739,222.739,222.739
329,222.739,222.739,222.739,222.739,222.739,222.739,222.739,232.752
330,222.739,222.739,222.739,222.739,222.739,222.739,236.561,252.092
331,222.739,222.739,222.739,222.739,222.739,222.739,236.957,248.373
332,222.739,222.739,222.739,222.739,222.739,222.739,222.739,238.059
333,222.739,222.739,222.739,222.739,222.739,222.739,222.739,230.783
334,222.739,222.739,222.739,222.739,222.739,222.739,222.739,222.739
335,222.739,222.739,222.739,222.739,226.743,228.649,228.852,252.544
336,222.739,222.739,222.739,222.739,222.739,222.739,222.739,242.11
337,218.524,218.524,218.524,218.524,218.524,218.524,218.524,222.739
338,216.093,216.093,216.093,216.093,218.524,218.524,218.524,218.524
339,216.093,216.093,216.093,216.093,216.093,216.093,217.824,224.345
340,216.093,216.093,216.093,216.093,216.093,216.093,216.093,224.345
341,216.093,216.093,216.093,216.093,216.093,220.167,231.345,240.19
342,214.129,214.129,214.129,214.129,214.129,214.129,216.093,218.108
343,214.129,214.129,214.129,214.129,214.129,214.129,216.093,239.451
344,213.711,213.711,213.711,213.711,213.711,214.129,214.129,214.129
345,213.711,213.711,213.711,213.711,213.711,213.711,213.711,213.711
346,213.711,213.711,213.711,213.711,213.711,213.711,213.711,213.711
347,212.953,212.953,212.953,212.953,212.953,212.953,212.953,212.953
348,212.953,212.953,212.953,212.953,212.953,212.953,215.667,229.955
349,212.953,212.953,212.953,212.953,212.953,212.953,212.953,212.953
350,211.487,211.487,211.487,211.487,211.487,211.487,212.953,212.953
351,211.405,211.405,211.405,211.405,211.405,211.405,211.405,211.405
352,211.405,211.405,211.405,211.405,211.405,211.405,211.405,211.405
353,211.354,211.354,211.354,211.354,211.354,211.405,211.405,211.405
354,211.354,211.354,211.354,211.354,211.354,211.354,211.354,211.354
355,210.215,210.215,210.215,210.215,210.215,210.215,210.215,211.354
356,210.215,210.215,210.215,210.215,210.215,210.215,210.215,218.103
357,210.215,210.215,210.215,210.215,210.215,210.215,210.215,218.103
358,210.215,210.215,210.215,210.215,210.215,210.215,210.215,210.215
359,210.215,210.215,210.215,210.215,210.215,210.215,222.663,224.801
360,210.215,210.215,210.215,210.215,210.215,210.215,210.215,228.449
361,210.215,210.215,210.215,210.215,210.215,215.727,239.582,243.531
362,209.962,209.962,209.962,209.962,209.962,209.962,209.962,209.962
363,208.364,208.364,208.364,208.364,208.364,208.364,209.962,234.303
364,208.364,208.364,208.364,208.364,208.364,208.364,208.364,230.324
365,208.364,208.364,208.364,208.364,208.364,208.364,208.364,208.364
366,208.364,208.364,208.364,208.364,208.364,208.364,208.364,208.364
367,208.364,208.364,208.364,208.364,208.364,208.364,208.364,208.364
368,208.364,208.364,208.364,208.364,208.364,208.364,208.364,237.644
369,208.364,208.364,208.364,208.364,208.364,208.364,208.364,216.19
370,208.364,208.364,208.364,208.364,208.364,208.364,208.364,214.043
371,208.364,208.364,208.364,208.364,208.364,213.029,213.029,224.424
372,208.364,208.364,208.364,208.364,208.364,208.364,208.364,224.424
373,208.364,208.364,208.364,208.364,208.364,208.364,208.364,208.364
374,208.364,208.364,208.364,208.364,208.364,208.364,208.364,222.201
375,208.364,208.364,208.364,208.364,208.364,208.364,210.382,227.223
376,208.364,208.364,208.364,208.364,208.364,208.364,208.364,208.364
377,208.364,208.364,208.364,208.364,208.364,208.364,208.364,208.364
378,208.364,208.364,208.364,208.364,208.364,208.364,209.618,233.078
379,208.364,208.364,208.364,208.364,208.364,208.364,208.364,208.364
380,208.364,208.364,208.364,208.364,208.364,208.364,217.576,217.576
381,207.483,207.483,207.483,207.483,207.483,207.483,216.092,226.409
382,207.483,207.483,207.483,207.483,207.483,207.483,207.483,207.483
383,207.483,207.483,207.483,207.483,207.483,207.483,207.483,207.483
384,207.483,207.483,207.483,207.483,207.483,207.483,207.483,207.483
385,207.483,207.483,207.483,207.483,207.483,207.483,207.483,207.483
386,207.483,207.483,207.483,207.483,207.483,211.553,230.87,232.821
387,207.483,207.483,207.483,207.483,207.483,207.483,207.483,210.55
388,207.483,207.483,207.483,207.483,220.844,224.882,227.642,227.642
389,216.649,216.649,216.649,216.649,216.649,216.649,219.227,227.281
390,216.649,216.649,216.649,216.649,216.649,216.649,216.649,219.75
391,215.235,215.235,215.235,215.235,215.235,215.235,216.649,224.786
392,215.235,215.235,215.235,215.235,218.573,220.762,246.125,246.125
393,220.716,220.716,220.716,220.716,226.74,226.74,226.74,228.366
394,226.974,226.974,226.974,226.974,226.974,226.974,226.974,229.69
395,226.974,226.974,226.974,226.974,226.974,229.69,241.339,244.065
396,226.974,226.974,226.974,226.974,226.974,226.974,226.974,226.974
397,226.974,226.974,226.974,226.974,226.974,226.974,226.974,240.352
398,226.974,226.974,226.974,226.974,226.974,230.883,251.643,251.643
399,226.974,226.974,226.974,226.974,226.974,230.521,230.883,240.931
400,226.974,226.974,226.974,226.974,226.974,226.974,226.974,249.951
401,226.974,226.974,226.974,226.974,226.974,226.974,226.974,248.118
402,226.974,226.974,226.974,226.974,226.974,226.974,226.974,226.974
403,226.974,226.974,226.974,226.974,226.974,226.974,226.974,226.974
404,226.974,226.974,226.974,226.974,226.974,226.974,226.974,263.092
405,225.22,225.22,225.22,225.22,226.974,226.974,243.096,243.096
406,225.22,225.22,225.22,225.22,225.22,225.22,225.22,225.22
407,225.22,225.22,225.22,225.22,225.22,225.22,225.22,225.22
408,225.22,225.22,225.22,225.22,225.22,225.22,226.747,226.747
409,225.22,225.22,225.22,225.22,225.22,225.22,225.22,226.747
410,223.673,223.673,223.673,223.673,223.673,223.673,225.22,225.22
411,223.673,223.673,223.673,223.673,223.673,223.673,223.673,228.036
412,223.673,223.673,223.673,223.673,223.673,223.673,223.673,223.673
413,223.673,223.673,223.673,223.673,223.673,223.673,223.673,223.673
414,223.673,223.673,223.673,223.673,223.673,223.673,223.673,223.673
415,223.673,223.673,223.673,223.673,223.673,223.673,223.673,223.673
416,223.673,223.673,223.673,223.673,223.673,223.673,223.673,223.673
417,223.673,223.673,223.673,223.673,223.673,223.673,223.673,249.777
418,223.673,223.673,223.673,223.673,223.673,223.673,223.673,244.799
419,223.673,223.673,223.673,223.673,223.673,223.673,223.673,243.329
420,223.673,223.673,223.673,223.673,223.673,223.673,223.673,259.768
421,223.673,223.673,223.673,223.673,223.673,223.673,223.673,229.036
422,223.673,223.673,223.673,223.673,223.673,223.673,233.25,243.589
423,223.673,223.673,223.673,223.673,223.673,223.673,253.483,253.483
424,223.673,223.673,223.673,223.673,223.673,223.673,223.673,223.673
425,223.673,223.673,223.673,223.673,223.673,223.673,223.673,223.673
426,223.26,223.26,223.26,223.26,223.26,223.26,223.26,223.673
427,223.26,223.26,223.26,223.26,223.26,223.26,223.26,223.26
428,223.26,223.26,223.26,223.26,223.26,223.26,223.26,223.26
429,223.26,223.26,223.26,223.26,223.26,223.26,225.502,225.502
430,223.26,223.26,223.26,223.26,223.26,223.26,223.26,223.26
431,223.26,223.26,223.26,223.26,223.26,223.26,223.26,223.26
432,223.26,223.26,223.26,223.26,223.26,223.26,235.057,246.463
433,223.26,223.26,223.26,223.26,223.26,223.26,223.26,223.26
434,223.26,223.26,223.26,223.26,223.26,223.26,223.26,223.26
435,223.26,223.26,223.26,223.26,223.26,223.26,223.26,232.799
436,223.26,223.26,223.26,223.26,223.26,223.26,223.26,228.463
437,220.614,220.614,220.614,220.614,220.614,220.614,220.614,223.26
438,220.614,220.614,220.614,220.614,220.614,220.614,220.614,243.99
439,220.614,220.614,220.614,220.614,220.614,220.614,220.614,243.99
440,220.614,220.614,220.614,220.614,220.614,220.745,228.834,233.954
441,220.614,220.614,220.614,220.614,220.614,220.614,220.614,227.604
442,220.614,220.614,220.614,220.614,220.614,220.614,220.614,232.418
443,220.614,220.614,220.614,225.22,225.551,225.551,236.549,241.861
444,218.729,218.729,218.729,218.729,218.729,218.729,218.729,236.549
445,218.729,218.729,218.729,218.729,218.729,218.729,218.729,218.729
446,218.729,218.729,218.729,218.729,218.729,218.729,218.729,220.915
447,218.729,218.729,218.729,218.729,218.729,218.729,218.729,218.729
448,218.729,218.729,218.729,218.729,218.729,218.729,221.236,221.236
449,218.729,218.729,218.729,218.729,227.769,232.857,237.915,237.915
450,218.729,218.729,218.729,218.729,218.729,218.729,218.729,222.888
451,218.729,218.729,218.729,218.729,218.729,218.729,218.729,222.888
452,218.729,218.729,218.729,218.729,218.729,218.729,218.729,218.729
453,218.729,218.729,218.729,218.729,218.729,218.729,218.729,229.558
454,218.729,218.729,218.729,218.729,218.729,218.729,227.771,245.721
455,218.729,218.729,218.729,218.729,218.729,218.729,218.729,218.729
456,218.729,218.729,218.729,218.729,218.729,218.729,218.729,218.729
457,218.294,218.294,218.294,218.294,218.294,218.294,218.729,224.773
458,217.44,217.44,217.44,217.44,217.44,218.294,218.294,218.294
459,217.44,217.44,217.44,217.44,217.44,217.44,217.44,218.294
460,217.44,217.44,217.44,217.44,217.44,217.44,217.44,217.44
461,217.44,217.44,217.44,217.44,217.44,225.745,225.745,235.342
462,217.44,217.44,217.44,217.44,221.868,227.724,228.815,250.017
463,217.44,217.44,217.44,217.44,243.566,244.433,244.433,255.734
464,217.44,217.44,217.44,217.44,219.214,219.214,242.894,248.879
465,217.44,217.44,217.44,224.604,224.604,224.604,234.817,242.123
466,217.44,217.44,217.44,217.44,217.44,217.44,217.44,221.793
467,215.281,215.281,215.281,215.281,215.281,215.281,215.281,217.44
468,215.281,215.281,215.281,215.281,217.341,218.045,221.595,233.842
469,215.281,215.281,215.281,215.281,215.281,217.341,217.341,217.341
470,212.788,212.788,212.788,212.788,212.788,212.788,215.281,217.341
471,209.139,209.139,209.139,209.139,209.139,209.139,209.139,211.685
472,209.139,209.139,209.139,209.139,209.139,209.139,209.139,209.139
473,209.139,209.139,209.139,209.139,209.139,209.139,209.139,209.902
474,209.139,209.139,209.139,209.139,209.139,209.139,209.139,225.406
475,209.139,209.139,209.139,209.139,209.139,209.139,209.139,209.139
476,209.139,209.139,209.139,209.139,209.139,209.139,209.139,209.139
477,208.323,208.323,208.323,208.323,208.323,208.323,209.139,209.139
478,208.323,208.323,208.323,208.323,208.323,208.323,208.323,208.323
479,208.323,208.323,208.323,208.323,208.323,208.323,214.893,225.312
480,208.323,208.323,208.323,208.323,211.843,226.726,230.885,258.341
481,208.323,208.323,208.323,208.323,208.323,213.985,219.038,266.427
482,208.323,208.323,208.323,208.323,208.323,208.323,208.323,234.595
483,208.006,208.006,208.006,208.006,208.323,211.714,212.164,212.164
484,208.006,208.006,208.006,208.006,208.006,208.006,208.006,211.834
485,208.006,208.006,208.006,208.006,208.006,208.006,228.606,236.309
486,205.556,205.556,205.556,205.556,205.556,205.556,205.556,208.006
487,205.556,205.556,205.556,205.556,205.556,205.556,205.556,205.556
488,205.442,205.442,205.442,205.442,205.442,205.442,205.556,211.993
489,205.442,205.442,205.442,205.442,205.442,205.442,205.442,223.51
490,205.442,205.442,205.442,205.442,205.442,205.442,205.442,205.442
491,205.442,205.442,205.442,205.442,205.442,205.442,205.442,205.442
492,203.078,203.078,203.078,203.078,205.442,205.442,205.442,205.442
493,202.024,202.024,202.024,202.024,202.024,202.024,203.078,225.076
494,202.024,202.024,202.024,202.024,202.024,202.024,202.024,202.024
495,202.024,202.024,202.024,202.024,202.024,202.024,202.024,202.024
496,199.223,199.223,199.223,199.223,199.223,202.024,202.024,202.024
497,199.223,199.223,199.223,199.223,199.223,199.223,199.223,199.223
498,199.223,199.223,199.223,199.223,199.223,202.902,213.521,213.521
499,199.223,199.223,199.223,199.223,199.223,199.223,216.046,233.558
500,199.223,199.223,199.223,199.223,199.223,199.223,199.223,208.79
