generation,best_loss,city_1,city_2,city_3,city_4,city_5,city_6,city_7,city_8,city_9,city_10,city_11,city_12,city_13,city_14,city_15,city_16,city_17,city_18,city_19,city_20,city_21,city_22,city_23,city_24,city_25,city_26,city_27,city_28,city_29,city_30,city_31,city_32,city_33,city_34
1,12.6117,0,22,8,11,10,3,2,5,16,25,33,18,15,30,31,14,20,13,23,27,6,32,9,21,1,7,4,26,24,12,17,28,29,19
2,10.7789,0,31,30,15,18,33,25,16,5,2,3,11,10,8,22,28,26,4,24,29,12,19,9,21,1,7,17,32,6,27,23,13,20,14
3,10.1825,0,8,11,10,23,27,6,29,31,9,25,3,17,5,16,33,18,24,15,30,14,20,13,32,21,1,7,4,26,12,2,19,28,22
4,9.39845,0,13,20,14,30,15,24,17,3,25,9,31,29,6,27,23,10,11,8,1,7,4,26,12,2,19,28,22,21,32,18,33,16,5
5,8.2002,0,13,20,14,30,15,24,17,3,25,9,2,29,6,27,23,10,11,8,1,7,4,26,12,31,19,28,22,21,32,18,33,16,5
6,7.81371,0,13,20,14,30,15,24,17,3,25,9,2,29,6,27,31,23,10,11,8,1,5,16,33,18,32,21,7,4,26,22,28,12,19
7,7.53753,0,23,20,14,30,15,24,17,3,25,9,2,29,6,5,13,10,11,8,1,7,4,26,12,27,31,19,28,22,21,32,18,33,16
8,6.75189,0,13,23,20,14,30,15,24,17,3,25,9,2,29,6,5,10,11,8,1,7,4,26,12,27,31,19,28,22,21,32,18,33,16
9,6.75189,0,13,23,20,14,30,15,24,17,3,25,9,2,29,6,5,10,11,8,1,7,4,26,12,27,31,19,28,22,21,32,18,33,16
10,6.52318,0,13,23,20,14,30,15,24,17,3,25,9,2,29,6,5,10,11,8,1,7,21,32,18,4,26,12,27,31,19,28,22,33,16
11,6.43501,0,13,23,20,14,30,15,24,17,3,25,9,2,29,6,5,10,11,8,1,7,21,32,4,26,12,27,31,19,28,22,18,33,16
12,6.43501,0,13,23,20,14,30,15,24,17,3,25,9,2,29,6,5,10,11,8,1,7,21,32,4,26,12,27,31,19,28,22,18,33,16
13,6.29063,0,16,33,18,4,30,15,24,17,3,25,9,2,29,6,5,10,11,8,32,21,7,1,22,28,19,31,27,12,26,14,20,23,13
14,6.21652,0,13,23,20,14,30,15,24,17,3,25,9,2,29,6,5,16,33,18,4,10,11,8,32,21,7,1,22,28,19,31,27,12,26
15,6.11718,0,13,23,20,14,30,16,33,18,4,15,24,17,3,25,9,2,29,6,5,10,11,8,32,21,7,1,22,28,19,31,27,12,26
16,5.99276,0,13,23,20,14,30,16,33,18,4,15,24,5,6,29,2,9,25,3,17,10,11,8,32,21,7,1,22,28,19,31,27,12,26
17,5.91911,0,13,23,20,14,30,16,4,18,33,15,24,5,6,29,2,9,25,3,17,10,11,8,32,21,7,1,22,28,19,31,27,12,26
18,5.86572,0,13,23,20,14,30,16,4,18,33,15,24,1,7,21,32,8,11,10,17,3,25,9,2,29,6,5,22,28,19,31,27,12,26
19,5.62559,0,13,23,20,14,30,16,4,18,33,15,24,1,10,11,8,32,21,7,17,3,25,9,2,29,6,5,22,28,19,31,27,12,26
20,5.49498,0,13,23,20,14,30,16,4,18,33,15,24,5,1,10,11,8,32,21,7,17,3,25,9,2,29,6,22,28,19,31,27,12,26
21,5.28449,0,13,23,20,14,30,16,4,18,33,15,24,5,1,10,11,8,32,21,7,17,3,25,9,6,29,2,22,28,19,31,27,12,26
22,5.28449,0,13,23,20,14,30,16,4,18,33,15,24,5,1,10,11,8,32,21,7,17,3,25,9,6,29,2,22,28,19,31,27,12,26
23,5.28449,0,13,23,20,14,30,16,4,18,33,15,24,5,1,10,11,8,32,21,7,17,3,25,9,6,29,2,22,28,19,31,27,12,26
24,5.28449,0,13,23,20,14,30,16,4,18,33,15,24,5,1,10,11,8,32,21,7,17,3,25,9,6,29,2,22,28,19,31,27,12,26
25,5.22272,0,13,23,20,14,30,16,4,18,5,15,24,33,1,10,11,8,32,21,7,17,3,25,9,6,29,2,22,28,19,31,27,12,26
26,5.22272,0,13,23,20,14,30,16,4,18,5,15,24,33,1,10,11,8,32,21,7,17,3,25,9,6,29,2,22,28,19,31,27,12,26
27,5.15665,0,13,23,20,14,30,16,4,18,5,15,24,33,1,11,10,8,32,21,7,17,3,25,9,6,29,22,2,28,19,31,27,12,26
28,5.15072,0,13,23,20,14,30,16,4,18,5,24,15,33,1,10,11,8,32,21,7,17,3,25,9,6,29,22,2,28,19,31,27,12,26
29,5.0443,0,13,23,20,14,30,16,4,24,15,5,18,33,1,11,10,8,32,21,7,17,3,25,9,6,29,22,2,28,19,31,27,12,26
30,5.0228,0,13,23,20,14,30,16,4,24,15,5,18,33,1,11,10,8,32,21,7,17,3,25,9,6,29,22,2,28,19,12,31,27,26
31,5.0228,0,13,23,20,14,30,16,4,24,15,5,18,33,1,11,10,8,32,21,7,17,3,25,9,6,29,22,2,28,19,12,31,27,26
32,5.0228,0,13,23,20,14,30,16,4,24,15,5,18,33,1,11,10,8,32,21,7,17,3,25,9,6,29,22,2,28,19,12,31,27,26
33,5.0228,0,13,23,20,14,30,16,4,24,15,5,18,33,1,11,10,8,32,21,7,17,3,25,9,6,29,22,2,28,19,12,31,27,26
34,5.00041,0,13,23,20,14,30,11,10,16,4,24,15,5,18,33,1,8,32,21,7,17,3,25,9,6,29,22,2,28,19,12,31,27,26
35,5.00041,0,13,23,20,14,30,11,10,16,4,24,15,5,18,33,1,8,32,21,7,17,3,25,9,6,29,22,2,28,19,12,31,27,26
36,4.9579,0,13,23,20,14,30,11,10,16,4,15,24,5,18,33,1,8,32,21,7,17,3,25,9,6,29,22,2,28,19,12,31,27,26
37,4.9579,0,13,23,20,14,30,11,10,16,4,15,24,5,18,33,1,8,32,21,7,17,3,25,9,6,29,22,2,28,19,12,31,27,26
38,4.9579,0,13,23,20,14,30,11,10,16,4,15,24,5,18,33,1,8,32,21,7,17,3,25,9,6,29,22,2,28,19,12,31,27,26
39,4.85156,0,13,23,20,14,10,11,30,16,4,15,24,5,18,33,1,8,32,21,7,17,3,25,9,6,29,22,2,28,19,12,31,27,26
40,4.82748,0,13,23,20,14,10,11,30,16,4,15,24,5,18,33,1,8,32,21,7,17,3,25,9,6,29,22,2,28,27,31,19,12,26
41,4.82748,0,13,23,20,14,10,11,30,16,4,15,24,5,18,33,1,8,32,21,7,17,3,25,9,6,29,22,2,28,27,31,19,12,26
42,4.82748,0,13,23,20,14,10,11,30,16,4,15,24,5,18,33,1,8,32,21,7,17,3,25,9,6,29,22,2,28,27,31,19,12,26
43,4.82748,0,13,23,20,14,10,11,30,16,4,15,24,5,18,33,1,8,32,21,7,17,3,25,9,6,29,22,2,28,27,31,19,12,26
44,4.73702,0,13,23,20,14,10,11,30,16,4,15,24,5,18,33,1,8,32,21,7,17,3,25,9,6,22,29,2,28,27,31,19,12,26
45,4.73702,0,13,23,20,14,10,11,30,16,4,15,24,5,18,33,1,8,32,21,7,17,3,25,9,6,22,29,2,28,27,31,19,12,26
46,4.73702,0,13,23,20,14,10,11,30,16,4,15,24,5,18,33,1,8,32,21,7,17,3,25,9,6,22,29,2,28,27,31,19,12,26
47,4.71293,0,13,23,20,14,10,11,30,16,4,15,24,5,18,33,1,8,32,21,7,17,3,25,6,9,22,29,2,28,27,31,19,12,26
48,4.71293,0,13,23,20,14,10,11,30,16,4,15,24,5,18,33,1,8,32,21,7,17,3,25,6,9,22,29,2,28,27,31,19,12,26
49,4.71293,0,13,23,20,14,10,11,30,16,4,15,24,5,18,33,1,8,32,21,7,17,3,25,6,9,22,29,2,28,27,31,19,12,26
50,4.71293,0,13,23,20,14,10,11,30,16,4,15,24,5,18,33,1,8,32,21,7,17,3,25,6,9,22,29,2,28,27,31,19,12,26
51,4.68227,0,13,23,20,14,10,11,30,16,4,15,24,5,18,33,1,8,32,21,7,17,3,6,25,9,22,29,2,28,27,31,19,12,26
52,4.68227,0,13,23,20,14,10,11,30,16,4,15,24,5,18,33,1,8,32,21,7,17,3,6,25,9,22,29,2,28,27,31,19,12,26
53,4.65446,0,13,23,20,14,10,11,30,16,4,15,24,5,18,33,1,8,32,21,7,17,3,6,25,9,22,29,2,28,27,31,12,19,26
54,4.65446,0,13,23,20,14,10,11,30,16,4,15,24,5,18,33,1,8,32,21,7,17,3,6,25,9,22,29,2,28,27,31,12,19,26
55,4.65446,0,13,23,20,14,10,11,30,16,4,15,24,5,18,33,1,8,32,21,7,17,3,6,25,9,22,29,2,28,27,31,12,19,26
56,4.65446,0,13,23,20,14,10,11,30,16,4,15,24,5,18,33,1,8,32,21,7,17,3,6,25,9,22,29,2,28,27,31,12,19,26
57,4.65446,0,13,23,20,14,10,11,30,16,4,15,24,5,18,33,1,8,32,21,7,17,3,6,25,9,22,29,2,28,27,31,12,19,26
58,4.65446,0,13,23,20,14,10,11,30,16,4,15,24,5,18,33,1,8,32,21,7,17,3,6,25,9,22,29,2,28,27,31,12,19,26
59,4.65446,0,13,23,20,14,10,11,30,16,4,15,24,5,18,33,1,8,32,21,7,17,3,6,25,9,22,29,2,28,27,31,12,19,26
60,4.65446,0,13,23,20,14,10,11,30,16,4,15,24,5,18,33,1,8,32,21,7,17,3,6,25,9,22,29,2,28,27,31,12,19,26
61,4.65446,0,13,23,20,14,10,11,30,16,4,15,24,5,18,33,1,8,32,21,7,17,3,6,25,9,22,29,2,28,27,31,12,19,26
62,4.65446,0,13,23,20,14,10,11,30,16,4,15,24,5,18,33,1,8,32,21,7,17,3,6,25,9,22,29,2,28,27,31,12,19,26
63,4.65446,0,13,23,20,14,10,11,30,16,4,15,24,5,18,33,1,8,32,21,7,17,3,6,25,9,22,29,2,28,27,31,12,19,26
64,4.65446,0,13,23,20,14,10,11,30,16,4,15,24,5,18,33,1,8,32,21,7,17,3,6,25,9,22,29,2,28,27,31,12,19,26
65,4.65446,0,13,23,20,14,10,11,30,16,4,15,24,5,18,33,1,8,32,21,7,17,3,6,25,9,22,29,2,28,27,31,12,19,26
66,4.65446,0,13,23,20,14,10,11,30,16,4,15,24,5,18,33,1,8,32,21,7,17,3,6,25,9,22,29,2,28,27,31,12,19,26
67,4.65446,0,13,23,20,14,10,11,30,16,4,15,24,5,18,33,1,8,32,21,7,17,3,6,25,9,22,29,2,28,27,31,12,19,26
68,4.65446,0,13,23,20,14,10,11,30,16,4,15,24,5,18,33,1,8,32,21,7,17,3,6,25,9,22,29,2,28,27,31,12,19,26
69,4.65446,0,13,23,20,14,10,11,30,16,4,15,24,5,18,33,1,8,32,21,7,17,3,6,25,9,22,29,2,28,27,31,12,19,26
70,4.65446,0,13,23,20,14,10,11,30,16,4,15,24,5,18,33,1,8,32,21,7,17,3,6,25,9,22,29,2,28,27,31,12,19,26
71,4.65446,0,13,23,20,14,10,11,30,16,4,15,24,5,18,33,1,8,32,21,7,17,3,6,25,9,22,29,2,28,27,31,12,19,26
72,4.46059,0,13,23,20,26,19,12,31,27,28,2,29,22,9,25,6,3,17,7,21,32,8,1,33,18,5,24,15,4,16,30,11,10,14
73,4.46059,0,13,23,20,26,19,12,31,27,28,2,29,22,9,25,6,3,17,7,21,32,8,1,33,18,5,24,15,4,16,30,11,10,14
74,4.46059,0,13,23,20,26,19,12,31,27,28,2,29,22,9,25,6,3,17,7,21,32,8,1,33,18,5,24,15,4,16,30,11,10,14
75,4.46059,0,13,23,20,26,19,12,31,27,28,2,29,22,9,25,6,3,17,7,21,32,8,1,33,18,5,24,15,4,16,30,11,10,14
76,4.46059,0,13,23,20,26,19,12,31,27,28,2,29,22,9,25,6,3,17,7,21,32,8,1,33,18,5,24,15,4,16,30,11,10,14
77,4.46059,0,13,23,20,26,19,12,31,27,28,2,29,22,9,25,6,3,17,7,21,32,8,1,33,18,5,24,15,4,16,30,11,10,14
78,4.46059,0,13,23,20,26,19,12,31,27,28,2,29,22,9,25,6,3,17,7,21,32,8,1,33,18,5,24,15,4,16,30,11,10,14
79,4.46059,0,13,23,20,26,19,12,31,27,28,2,29,22,9,25,6,3,17,7,21,32,8,1,33,18,5,24,15,4,16,30,11,10,14
80,4.4604,0,23,20,26,19,12,31,27,28,2,29,22,9,25,6,3,17,7,21,32,8,1,33,18,5,24,15,4,16,30,11,10,14,13
81,4.4604,0,23,20,26,19,12,31,27,28,2,29,22,9,25,6,3,17,7,21,32,8,1,33,18,5,24,15,4,16,30,11,10,14,13
82,4.4604,0,23,20,26,19,12,31,27,28,2,29,22,9,25,6,3,17,7,21,32,8,1,33,18,5,24,15,4,16,30,11,10,14,13
83,4.4604,0,23,20,26,19,12,31,27,28,2,29,22,9,25,6,3,17,7,21,32,8,1,33,18,5,24,15,4,16,30,11,10,14,13
84,4.4604,0,23,20,26,19,12,31,27,28,2,29,22,9,25,6,3,17,7,21,32,8,1,33,18,5,24,15,4,16,30,11,10,14,13
85,4.4604,0,23,20,26,19,12,31,27,28,2,29,22,9,25,6,3,17,7,21,32,8,1,33,18,5,24,15,4,16,30,11,10,14,13
86,4.4604,0,23,20,26,19,12,31,27,28,2,29,22,9,25,6,3,17,7,21,32,8,1,33,18,5,24,15,4,16,30,11,10,14,13
87,4.4604,0,23,20,26,19,12,31,27,28,2,29,22,9,25,6,3,17,7,21,32,8,1,33,18,5,24,15,4,16,30,11,10,14,13
88,4.4604,0,23,20,26,19,12,31,27,28,2,29,22,9,25,6,3,17,7,21,32,8,1,33,18,5,24,15,4,16,30,11,10,14,13
89,4.4604,0,23,20,26,19,12,31,27,28,2,29,22,9,25,6,3,17,7,21,32,8,1,33,18,5,24,15,4,16,30,11,10,14,13
90,4.44073,0,23,20,26,19,12,31,27,28,2,29,9,25,6,3,17,7,21,32,8,1,33,18,5,22,24,15,4,16,30,11,10,14,13
91,4.44073,0,23,20,26,19,12,31,27,28,2,29,9,25,6,3,17,7,21,32,8,1,33,18,5,22,24,15,4,16,30,11,10,14,13
92,4.44073,0,23,20,26,19,12,31,27,28,2,29,9,25,6,3,17,7,21,32,8,1,33,18,5,22,24,15,4,16,30,11,10,14,13
93,4.44073,0,23,20,26,19,12,31,27,28,2,29,9,25,6,3,17,7,21,32,8,1,33,18,5,22,24,15,4,16,30,11,10,14,13
94,4.44073,0,23,20,26,19,12,31,27,28,2,29,9,25,6,3,17,7,21,32,8,1,33,18,5,22,24,15,4,16,30,11,10,14,13
95,4.44073,0,23,20,26,19,12,31,27,28,2,29,9,25,6,3,17,7,21,32,8,1,33,18,5,22,24,15,4,16,30,11,10,14,13
96,4.44073,0,23,20,26,19,12,31,27,28,2,29,9,25,6,3,17,7,21,32,8,1,33,18,5,22,24,15,4,16,30,11,10,14,13
97,4.44073,0,23,20,26,19,12,31,27,28,2,29,9,25,6,3,17,7,21,32,8,1,33,18,5,22,24,15,4,16,30,11,10,14,13
98,4.44073,0,23,20,26,19,12,31,27,28,2,29,9,25,6,3,17,7,21,32,8,1,33,18,5,22,24,15,4,16,30,11,10,14,13
99,4.44073,0,23,20,26,19,12,31,27,28,2,29,9,25,6,3,17,7,21,32,8,1,33,18,5,22,24,15,4,16,30,11,10,14,13
100,4.44073,0,23,20,26,19,12,31,27,28,2,29,9,25,6,3,17,7,21,32,8,1,33,18,5,22,24,15,4,16,30,11,10,14,13
101,4.42026,0,13,14,26,16,30,11,10,8,4,15,24,22,5,18,33,1,32,21,7,17,3,6,25,9,29,2,28,12,19,31,27,20,23
102,4.42026,0,13,14,26,16,30,11,10,8,4,15,24,22,5,18,33,1,32,21,7,17,3,6,25,9,29,2,28,12,19,31,27,20,23
103,4.42026,0,13,14,26,16,30,11,10,8,4,15,24,22,5,18,33,1,32,21,7,17,3,6,25,9,29,2,28,12,19,31,27,20,23
104,4.42026,0,13,14,26,16,30,11,10,8,4,15,24,22,5,18,33,1,32,21,7,17,3,6,25,9,29,2,28,12,19,31,27,20,23
105,4.42026,0,13,14,26,16,30,11,10,8,4,15,24,22,5,18,33,1,32,21,7,17,3,6,25,9,29,2,28,12,19,31,27,20,23
106,4.42026,0,13,14,26,16,30,11,10,8,4,15,24,22,5,18,33,1,32,21,7,17,3,6,25,9,29,2,28,12,19,31,27,20,23
107,4.42026,0,13,14,26,16,30,11,10,8,4,15,24,22,5,18,33,1,32,21,7,17,3,6,25,9,29,2,28,12,19,31,27,20,23
108,4.42026,0,13,14,26,16,30,11,10,8,4,15,24,22,5,18,33,1,32,21,7,17,3,6,25,9,29,2,28,12,19,31,27,20,23
109,4.42026,0,13,14,26,16,30,11,10,8,4,15,24,22,5,18,33,1,32,21,7,17,3,6,25,9,29,2,28,12,19,31,27,20,23
110,4.42026,0,13,14,26,16,30,11,10,8,4,15,24,22,5,18,33,1,32,21,7,17,3,6,25,9,29,2,28,12,19,31,27,20,23
111,4.42026,0,13,14,26,16,30,11,10,8,4,15,24,22,5,18,33,1,32,21,7,17,3,6,25,9,29,2,28,12,19,31,27,20,23
112,4.42026,0,13,14,26,16,30,11,10,8,4,15,24,22,5,18,33,1,32,21,7,17,3,6,25,9,29,2,28,12,19,31,27,20,23
113,4.42026,0,13,14,26,16,30,11,10,8,4,15,24,22,5,18,33,1,32,21,7,17,3,6,25,9,29,2,28,12,19,31,27,20,23
114,4.42026,0,13,14,26,16,30,11,10,8,4,15,24,22,5,18,33,1,32,21,7,17,3,6,25,9,29,2,28,12,19,31,27,20,23
115,4.42026,0,13,14,26,16,30,11,10,8,4,15,24,22,5,18,33,1,32,21,7,17,3,6,25,9,29,2,28,12,19,31,27,20,23
116,4.42026,0,13,14,26,16,30,11,10,8,4,15,24,22,5,18,33,1,32,21,7,17,3,6,25,9,29,2,28,12,19,31,27,20,23
117,4.42026,0,13,14,26,16,30,11,10,8,4,15,24,22,5,18,33,1,32,21,7,17,3,6,25,9,29,2,28,12,19,31,27,20,23
118,4.42026,0,13,14,26,16,30,11,10,8,4,15,24,22,5,18,33,1,32,21,7,17,3,6,25,9,29,2,28,12,19,31,27,20,23
119,4.42026,0,13,14,26,16,30,11,10,8,4,15,24,22,5,18,33,1,32,21,7,17,3,6,25,9,29,2,28,12,19,31,27,20,23
120,4.42026,0,13,14,26,16,30,11,10,8,4,15,24,22,5,18,33,1,32,21,7,17,3,6,25,9,29,2,28,12,19,31,27,20,23
121,4.42026,0,13,14,26,16,30,11,10,8,4,15,24,22,5,18,33,1,32,21,7,17,3,6,25,9,29,2,28,12,19,31,27,20,23
122,4.42026,0,13,14,26,16,30,11,10,8,4,15,24,22,5,18,33,1,32,21,7,17,3,6,25,9,29,2,28,12,19,31,27,20,23
123,4.42026,0,13,14,26,16,30,11,10,8,4,15,24,22,5,18,33,1,32,21,7,17,3,6,25,9,29,2,28,12,19,31,27,20,23
124,4.42026,0,13,14,26,16,30,11,10,8,4,15,24,22,5,18,33,1,32,21,7,17,3,6,25,9,29,2,28,12,19,31,27,20,23
125,4.42026,0,13,14,26,16,30,11,10,8,4,15,24,22,5,18,33,1,32,21,7,17,3,6,25,9,29,2,28,12,19,31,27,20,23
126,4.42026,0,13,14,26,16,30,11,10,8,4,15,24,22,5,18,33,1,32,21,7,17,3,6,25,9,29,2,28,12,19,31,27,20,23
127,4.42026,0,13,14,26,16,30,11,10,8,4,15,24,22,5,18,33,1,32,21,7,17,3,6,25,9,29,2,28,12,19,31,27,20,23
128,4.42026,0,13,14,26,16,30,11,10,8,4,15,24,22,5,18,33,1,32,21,7,17,3,6,25,9,29,2,28,12,19,31,27,20,23
129,4.42026,0,13,14,26,16,30,11,10,8,4,15,24,22,5,18,33,1,32,21,7,17,3,6,25,9,29,2,28,12,19,31,27,20,23
130,4.42026,0,13,14,26,16,30,11,10,8,4,15,24,22,5,18,33,1,32,21,7,17,3,6,25,9,29,2,28,12,19,31,27,20,23
131,4.42026,0,13,14,26,16,30,11,10,8,4,15,24,22,5,18,33,1,32,21,7,17,3,6,25,9,29,2,28,12,19,31,27,20,23
132,4.42026,0,13,14,26,16,30,11,10,8,4,15,24,22,5,18,33,1,32,21,7,17,3,6,25,9,29,2,28,12,19,31,27,20,23
133,4.42026,0,13,14,26,16,30,11,10,8,4,15,24,22,5,18,33,1,32,21,7,17,3,6,25,9,29,2,28,12,19,31,27,20,23
134,4.42026,0,13,14,26,16,30,11,10,8,4,15,24,22,5,18,33,1,32,21,7,17,3,6,25,9,29,2,28,12,19,31,27,20,23
135,4.42026,0,13,14,26,16,30,11,10,8,4,15,24,22,5,18,33,1,32,21,7,17,3,6,25,9,29,2,28,12,19,31,27,20,23
136,4.42026,0,13,14,26,16,30,11,10,8,4,15,24,22,5,18,33,1,32,21,7,17,3,6,25,9,29,2,28,12,19,31,27,20,23
137,4.42026,0,13,14,26,16,30,11,10,8,4,15,24,22,5,18,33,1,32,21,7,17,3,6,25,9,29,2,28,12,19,31,27,20,23
138,4.42026,0,13,14,26,16,30,11,10,8,4,15,24,22,5,18,33,1,32,21,7,17,3,6,25,9,29,2,28,12,19,31,27,20,23
139,4.42026,0,13,14,26,16,30,11,10,8,4,15,24,22,5,18,33,1,32,21,7,17,3,6,25,9,29,2,28,12,19,31,27,20,23
140,4.42026,0,13,14,26,16,30,11,10,8,4,15,24,22,5,18,33,1,32,21,7,17,3,6,25,9,29,2,28,12,19,31,27,20,23
141,4.41352,0,13,14,26,16,30,11,10,8,4,15,24,22,5,18,33,1,32,21,7,17,3,25,9,6,29,2,28,12,19,31,27,20,23
142,4.41352,0,13,14,26,16,30,11,10,8,4,15,24,22,5,18,33,1,32,21,7,17,3,25,9,6,29,2,28,12,19,31,27,20,23
143,4.41352,0,13,14,26,16,30,11,10,8,4,15,24,22,5,18,33,1,32,21,7,17,3,25,9,6,29,2,28,12,19,31,27,20,23
144,4.41352,0,13,14,26,16,30,11,10,8,4,15,24,22,5,18,33,1,32,21,7,17,3,25,9,6,29,2,28,12,19,31,27,20,23
145,4.41352,0,13,14,26,16,30,11,10,8,4,15,24,22,5,18,33,1,32,21,7,17,3,25,9,6,29,2,28,12,19,31,27,20,23
146,4.41352,0,13,14,26,16,30,11,10,8,4,15,24,22,5,18,33,1,32,21,7,17,3,25,9,6,29,2,28,12,19,31,27,20,23
147,4.41352,0,13,14,26,16,30,11,10,8,4,15,24,22,5,18,33,1,32,21,7,17,3,25,9,6,29,2,28,12,19,31,27,20,23
148,4.41352,0,13,14,26,16,30,11,10,8,4,15,24,22,5,18,33,1,32,21,7,17,3,25,9,6,29,2,28,12,19,31,27,20,23
149,4.41352,0,13,14,26,16,30,11,10,8,4,15,24,22,5,18,33,1,32,21,7,17,3,25,9,6,29,2,28,12,19,31,27,20,23
150,4.41352,0,13,14,26,16,30,11,10,8,4,15,24,22,5,18,33,1,32,21,7,17,3,25,9,6,29,2,28,12,19,31,27,20,23
151,4.41352,0,13,14,26,16,30,11,10,8,4,15,24,22,5,18,33,1,32,21,7,17,3,25,9,6,29,2,28,12,19,31,27,20,23
152,4.41352,0,13,14,26,16,30,11,10,8,4,15,24,22,5,18,33,1,32,21,7,17,3,25,9,6,29,2,28,12,19,31,27,20,23
153,4.41352,0,13,14,26,16,30,11,10,8,4,15,24,22,5,18,33,1,32,21,7,17,3,25,9,6,29,2,28,12,19,31,27,20,23
154,4.41352,0,13,14,26,16,30,11,10,8,4,15,24,22,5,18,33,1,32,21,7,17,3,25,9,6,29,2,28,12,19,31,27,20,23
155,4.41352,0,13,14,26,16,30,11,10,8,4,15,24,22,5,18,33,1,32,21,7,17,3,25,9,6,29,2,28,12,19,31,27,20,23
156,4.41352,0,13,14,26,16,30,11,10,8,4,15,24,22,5,18,33,1,32,21,7,17,3,25,9,6,29,2,28,12,19,31,27,20,23
157,4.41352,0,13,14,26,16,30,11,10,8,4,15,24,22,5,18,33,1,32,21,7,17,3,25,9,6,29,2,28,12,19,31,27,20,23
158,4.41352,0,13,14,26,16,30,11,10,8,4,15,24,22,5,18,33,1,32,21,7,17,3,25,9,6,29,2,28,12,19,31,27,20,23
159,4.41352,0,13,14,26,16,30,11,10,8,4,15,24,22,5,18,33,1,32,21,7,17,3,25,9,6,29,2,28,12,19,31,27,20,23
160,4.41352,0,13,14,26,16,30,11,10,8,4,15,24,22,5,18,33,1,32,21,7,17,3,25,9,6,29,2,28,12,19,31,27,20,23
161,4.31489,0,13,14,26,15,24,5,18,33,4,16,30,11,10,8,1,32,21,7,17,3,6,25,9,22,29,2,28,12,19,31,27,20,23
162,4.31489,0,13,14,26,15,24,5,18,33,4,16,30,11,10,8,1,32,21,7,17,3,6,25,9,22,29,2,28,12,19,31,27,20,23
163,4.31489,0,13,14,26,15,24,5,18,33,4,16,30,11,10,8,1,32,21,7,17,3,6,25,9,22,29,2,28,12,19,31,27,20,23
164,4.31489,0,13,14,26,15,24,5,18,33,4,16,30,11,10,8,1,32,21,7,17,3,6,25,9,22,29,2,28,12,19,31,27,20,23
165,4.31489,0,13,14,26,15,24,5,18,33,4,16,30,11,10,8,1,32,21,7,17,3,6,25,9,22,29,2,28,12,19,31,27,20,23
166,4.31489,0,13,14,26,15,24,5,18,33,4,16,30,11,10,8,1,32,21,7,17,3,6,25,9,22,29,2,28,12,19,31,27,20,23
167,4.31489,0,13,14,26,15,24,5,18,33,4,16,30,11,10,8,1,32,21,7,17,3,6,25,9,22,29,2,28,12,19,31,27,20,23
168,4.31489,0,13,14,26,15,24,5,18,33,4,16,30,11,10,8,1,32,21,7,17,3,6,25,9,22,29,2,28,12,19,31,27,20,23
169,4.31489,0,13,14,26,15,24,5,18,33,4,16,30,11,10,8,1,32,21,7,17,3,6,25,9,22,29,2,28,12,19,31,27,20,23
170,4.31489,0,13,14,26,15,24,5,18,33,4,16,30,11,10,8,1,32,21,7,17,3,6,25,9,22,29,2,28,12,19,31,27,20,23
171,4.31489,0,13,14,26,15,24,5,18,33,4,16,30,11,10,8,1,32,21,7,17,3,6,25,9,22,29,2,28,12,19,31,27,20,23
172,4.31489,0,13,14,26,15,24,5,18,33,4,16,30,11,10,8,1,32,21,7,17,3,6,25,9,22,29,2,28,12,19,31,27,20,23
173,4.31489,0,13,14,26,15,24,5,18,33,4,16,30,11,10,8,1,32,21,7,17,3,6,25,9,22,29,2,28,12,19,31,27,20,23
174,4.31489,0,13,14,26,15,24,5,18,33,4,16,30,11,10,8,1,32,21,7,17,3,6,25,9,22,29,2,28,12,19,31,27,20,23
175,4.31489,0,13,14,26,15,24,5,18,33,4,16,30,11,10,8,1,32,21,7,17,3,6,25,9,22,29,2,28,12,19,31,27,20,23
176,4.31489,0,13,14,26,15,24,5,18,33,4,16,30,11,10,8,1,32,21,7,17,3,6,25,9,22,29,2,28,12,19,31,27,20,23
177,4.31489,0,13,14,26,15,24,5,18,33,4,16,30,11,10,8,1,32,21,7,17,3,6,25,9,22,29,2,28,12,19,31,27,20,23
178,4.31489,0,13,14,26,15,24,5,18,33,4,16,30,11,10,8,1,32,21,7,17,3,6,25,9,22,29,2,28,12,19,31,27,20,23
179,4.31489,0,13,14,26,15,24,5,18,33,4,16,30,11,10,8,1,32,21,7,17,3,6,25,9,22,29,2,28,12,19,31,27,20,23
180,4.31489,0,13,14,26,15,24,5,18,33,4,16,30,11,10,8,1,32,21,7,17,3,6,25,9,22,29,2,28,12,19,31,27,20,23
181,4.29521,0,13,14,26,15,24,22,5,18,33,4,16,30,11,10,8,1,32,21,7,17,3,6,25,9,29,2,28,12,19,31,27,20,23
182,4.29521,0,13,14,26,15,24,22,5,18,33,4,16,30,11,10,8,1,32,21,7,17,3,6,25,9,29,2,28,12,19,31,27,20,23
183,4.29521,0,13,14,26,15,24,22,5,18,33,4,16,30,11,10,8,1,32,21,7,17,3,6,25,9,29,2,28,12,19,31,27,20,23
184,4.29521,0,13,14,26,15,24,22,5,18,33,4,16,30,11,10,8,1,32,21,7,17,3,6,25,9,29,2,28,12,19,31,27,20,23
185,4.29521,0,13,14,26,15,24,22,5,18,33,4,16,30,11,10,8,1,32,21,7,17,3,6,25,9,29,2,28,12,19,31,27,20,23
186,4.29521,0,13,14,26,15,24,22,5,18,33,4,16,30,11,10,8,1,32,21,7,17,3,6,25,9,29,2,28,12,19,31,27,20,23
187,4.29521,0,13,14,26,15,24,22,5,18,33,4,16,30,11,10,8,1,32,21,7,17,3,6,25,9,29,2,28,12,19,31,27,20,23
188,4.29521,0,13,14,26,15,24,22,5,18,33,4,16,30,11,10,8,1,32,21,7,17,3,6,25,9,29,2,28,12,19,31,27,20,23
189,4.29521,0,13,14,26,15,24,22,5,18,33,4,16,30,11,10,8,1,32,21,7,17,3,6,25,9,29,2,28,12,19,31,27,20,23
190,4.29521,0,13,14,26,15,24,22,5,18,33,4,16,30,11,10,8,1,32,21,7,17,3,6,25,9,29,2,28,12,19,31,27,20,23
191,4.29521,0,13,14,26,15,24,22,5,18,33,4,16,30,11,10,8,1,32,21,7,17,3,6,25,9,29,2,28,12,19,31,27,20,23
192,4.29521,0,13,14,26,15,24,22,5,18,33,4,16,30,11,10,8,1,32,21,7,17,3,6,25,9,29,2,28,12,19,31,27,20,23
193,4.29521,0,13,14,26,15,24,22,5,18,33,4,16,30,11,10,8,1,32,21,7,17,3,6,25,9,29,2,28,12,19,31,27,20,23
194,4.29521,0,13,14,26,15,24,22,5,18,33,4,16,30,11,10,8,1,32,21,7,17,3,6,25,9,29,2,28,12,19,31,27,20,23
195,4.29521,0,13,14,26,15,24,22,5,18,33,4,16,30,11,10,8,1,32,21,7,17,3,6,25,9,29,2,28,12,19,31,27,20,23
196,4.29521,0,13,14,26,15,24,22,5,18,33,4,16,30,11,10,8,1,32,21,7,17,3,6,25,9,29,2,28,12,19,31,27,20,23
197,4.29521,0,13,14,26,15,24,22,5,18,33,4,16,30,11,10,8,1,32,21,7,17,3,6,25,9,29,2,28,12,19,31,27,20,23
198,4.29521,0,13,14,26,15,24,22,5,18,33,4,16,30,11,10,8,1,32,21,7,17,3,6,25,9,29,2,28,12,19,31,27,20,23
199,4.29521,0,13,14,26,15,24,22,5,18,33,4,16,30,11,10,8,1,32,21,7,17,3,6,25,9,29,2,28,12,19,31,27,20,23
200,4.29521,0,13,14,26,15,24,22,5,18,33,4,16,30,11,10,8,1,32,21,7,17,3,6,25,9,29,2,28,12,19,31,27,20,23
