step,temperature,mu,sigma,acceptance,energy,error
1,1.00000,1.1233,0.6052,0.5060,0.0086,0.0027
2,0.50000,1.0326,0.5462,0.5040,-0.1900,0.0016
3,0.33333,1.1157,0.8320,0.5070,0.5428,0.0084
4,0.25000,1.0859,0.9881,0.4990,1.0609,0.0116
5,0.20000,1.1167,0.8574,0.5040,0.6524,0.0088
6,0.16667,0.9769,0.8271,0.4980,0.0528,0.0052
7,0.14286,0.9074,0.7406,0.4910,-0.2758,0.0030
8,0.12500,0.9409,0.6359,0.5100,-0.3546,0.0016
9,0.11111,0.8833,0.6541,0.4940,-0.4030,0.0016
10,0.10000,0.8997,0.5873,0.5020,-0.3987,0.0011
11,0.09091,0.8854,0.6634,0.5080,-0.3941,0.0017
12,0.08333,1.0030,0.7017,0.5080,-0.1786,0.0032
13,0.07692,1.0224,0.7481,0.4920,-0.0308,0.0050
14,0.07143,1.0173,0.7217,0.4960,-0.1061,0.0040
15,0.06667,1.0555,0.7447,0.4960,0.0471,0.0048
16,0.06250,1.0532,0.7588,0.5010,0.0775,0.0057
17,0.05882,1.0639,0.7274,0.4950,0.0338,0.0047
18,0.05556,1.0565,0.7192,0.5100,-0.0069,0.0042
19,0.05263,1.0138,0.7470,0.4960,-0.0658,0.0045
20,0.05000,0.9867,0.7323,0.4960,-0.1549,0.0039
21,0.04762,1.0045,0.7846,0.4910,0.0065,0.0048
22,0.04545,0.9904,0.7340,0.5050,-0.1513,0.0036
23,0.04348,1.0123,0.7444,0.4900,-0.0709,0.0046
24,0.04167,1.0047,0.7362,0.5080,-0.1157,0.0040
25,0.04000,1.0058,0.7319,0.4960,-0.1156,0.0040
26,0.03846,1.0177,0.7882,0.4990,0.0537,0.0060
27,0.03704,1.0248,0.8137,0.5000,0.1455,0.0061
28,0.03571,0.9869,0.8245,0.5090,0.0541,0.0059
29,0.03448,0.9861,0.8080,0.4940,0.0150,0.0051
30,0.03333,0.9961,0.8364,0.4950,0.1278,0.0057
31,0.03226,0.9851,0.8336,0.4920,0.0852,0.0058
32,0.03125,1.0135,0.7934,0.5050,0.0491,0.0057
33,0.03030,0.9871,0.8002,0.4970,-0.0012,0.0050
34,0.02941,0.9677,0.8025,0.5100,-0.0365,0.0048
35,0.02857,0.9438,0.7847,0.4970,-0.1327,0.0039
36,0.02778,0.9639,0.7789,0.5090,-0.1027,0.0051
37,0.02703,0.9510,0.7813,0.4970,-0.1238,0.0041
38,0.02632,0.9440,0.8011,0.4930,-0.0917,0.0043
39,0.02564,0.9435,0.8083,0.5050,-0.0753,0.0049
40,0.02500,0.9209,0.8014,0.4940,-0.1420,0.0039
41,0.02439,0.9101,0.8106,0.5060,-0.1351,0.0038
42,0.02381,0.9087,0.8114,0.5030,-0.1388,0.0045
43,0.02326,0.9115,0.7977,0.5010,-0.1608,0.0037
44,0.02273,0.9261,0.8099,0.5090,-0.1103,0.0043
45,0.02222,0.9185,0.8137,0.4980,-0.1150,0.0044
46,0.02174,0.9239,0.8215,0.5000,-0.0867,0.0047
47,0.02128,0.9268,0.8253,0.5040,-0.0698,0.0047
48,0.02083,0.9270,0.8247,0.5040,-0.0692,0.0050
49,0.02041,0.9303,0.8089,0.4950,-0.1095,0.0046
50,0.02000,0.9351,0.7911,0.5030,-0.1347,0.0044
51,0.01961,0.9416,0.7825,0.5070,-0.1414,0.0041
52,0.01923,0.9374,0.7834,0.4970,-0.1458,0.0037
53,0.01887,0.9418,0.7787,0.5050,-0.1452,0.0041
54,0.01852,0.9276,0.7681,0.4960,-0.1974,0.0033
55,0.01818,0.9253,0.7751,0.4920,-0.1863,0.0036
56,0.01786,0.9264,0.7687,0.4960,-0.1979,0.0035
57,0.01754,0.9339,0.7577,0.4910,-0.2106,0.0035
58,0.01724,0.9434,0.7530,0.5080,-0.1970,0.0033
59,0.01695,0.9513,0.7425,0.4960,-0.2057,0.0034
60,0.01667,0.9617,0.7351,0.4990,-0.1988,0.0037
61,0.01639,0.9559,0.7250,0.5000,-0.2255,0.0032
62,0.01613,0.9565,0.7165,0.4950,-0.2409,0.0035
63,0.01587,0.9590,0.7105,0.5010,-0.2486,0.0030
64,0.01562,0.9681,0.7048,0.5010,-0.2396,0.0028
65,0.01538,0.9813,0.7097,0.5050,-0.2104,0.0034
66,0.01515,0.9830,0.7168,0.5090,-0.1902,0.0037
67,0.01493,0.9851,0.7077,0.5060,-0.2058,0.0032
68,0.01471,0.9846,0.7124,0.5070,-0.1978,0.0036
69,0.01449,0.9840,0.7109,0.5070,-0.2015,0.0035
70,0.01429,0.9987,0.6993,0.5090,-0.1942,0.0034
71,0.01408,1.0037,0.7045,0.4930,-0.1720,0.0035
72,0.01389,1.0016,0.7088,0.4950,-0.1690,0.0033
73,0.01370,0.9967,0.7255,0.5050,-0.1476,0.0039
74,0.01351,0.9934,0.7155,0.5030,-0.1789,0.0033
75,0.01333,0.9832,0.7017,0.5000,-0.2200,0.0033
76,0.01316,0.9809,0.7113,0.4960,-0.2071,0.0035
77,0.01299,0.9884,0.7151,0.4990,-0.1854,0.0035
78,0.01282,0.9780,0.7145,0.4910,-0.2057,0.0037
79,0.01266,0.9724,0.7184,0.4960,-0.2143,0.0031
80,0.01250,0.9701,0.7244,0.5060,-0.2042,0.0036
81,0.01235,0.9710,0.7299,0.5090,-0.1947,0.0036
82,0.01220,0.9737,0.7345,0.4950,-0.1749,0.0036
83,0.01205,0.9731,0.7259,0.5010,-0.1952,0.0035
84,0.01190,0.9679,0.7282,0.5070,-0.1980,0.0035
85,0.01176,0.9757,0.7128,0.5020,-0.2122,0.0036
86,0.01163,0.9749,0.7146,0.5020,-0.2114,0.0037
87,0.01149,0.9718,0.7194,0.5020,-0.2099,0.0035
88,0.01136,0.9767,0.7117,0.5050,-0.2155,0.0032
89,0.01124,0.9762,0.7182,0.5020,-0.2056,0.0037
90,0.01111,0.9801,0.7086,0.4930,-0.2144,0.0033
91,0.01099,0.9819,0.7129,0.5030,-0.2056,0.0033
92,0.01087,0.9778,0.7075,0.5050,-0.2200,0.0031
93,0.01075,0.9735,0.7022,0.5030,-0.2356,0.0031
94,0.01064,0.9758,0.7070,0.5100,-0.2193,0.0033
95,0.01053,0.9856,0.7117,0.4980,-0.1951,0.0036
96,0.01042,0.9828,0.7089,0.5010,-0.2082,0.0036
97,0.01031,0.9756,0.7098,0.5050,-0.2185,0.0033
98,0.01020,0.9701,0.7027,0.4910,-0.2413,0.0033
99,0.01010,0.9678,0.7008,0.4960,-0.2466,0.0032
100,0.01000,0.9657,0.7018,0.5010,-0.2481,0.0031
101,0.00990,0.9627,0.6952,0.5020,-0.2647,0.0028
102,0.00980,0.9618,0.6900,0.5020,-0.2733,0.0028
103,0.00971,0.9639,0.6965,0.5020,-0.2623,0.0026
104,0.00962,0.9653,0.7006,0.5040,-0.2514,0.0030
105,0.00952,0.9609,0.6943,0.5020,-0.2687,0.0030
106,0.00943,0.9683,0.6870,0.5070,-0.2701,0.0028
107,0.00935,0.9674,0.6894,0.4940,-0.2666,0.0028
108,0.00926,0.9697,0.6835,0.4940,-0.2677,0.0029
109,0.00917,0.9718,0.6850,0.5030,-0.2632,0.0029
110,0.00909,0.9770,0.6896,0.5060,-0.2470,0.0029
111,0.00901,0.9827,0.6912,0.4930,-0.2347,0.0033
112,0.00893,0.9840,0.6917,0.5070,-0.2331,0.0029
113,0.00885,0.9805,0.6893,0.5020,-0.2408,0.0027
114,0.00877,0.9792,0.6847,0.5080,-0.2491,0.0029
115,0.00870,0.9783,0.6800,0.5010,-0.2592,0.0027
116,0.00862,0.9853,0.6820,0.4970,-0.2464,0.0031
117,0.00855,0.9867,0.6856,0.4990,-0.2364,0.0032
118,0.00847,0.9873,0.6825,0.4900,-0.2415,0.0029
119,0.00840,0.9865,0.6775,0.5010,-0.2468,0.0029
120,0.00833,0.9840,0.6727,0.4950,-0.2546,0.0027
121,0.00826,0.9869,0.6713,0.4930,-0.2543,0.0027
122,0.00820,0.9846,0.6739,0.4950,-0.2579,0.0027
123,0.00813,0.9842,0.6734,0.4950,-0.2552,0.0024
124,0.00806,0.9811,0.6677,0.5050,-0.2696,0.0025
125,0.00800,0.9809,0.6660,0.4930,-0.2731,0.0025
126,0.00794,0.9804,0.6674,0.5080,-0.2720,0.0025
127,0.00787,0.9768,0.6736,0.5080,-0.2724,0.0027
128,0.00781,0.9716,0.6775,0.4910,-0.2775,0.0025
129,0.00775,0.9707,0.6734,0.4990,-0.2835,0.0024
130,0.00769,0.9670,0.6692,0.4960,-0.2926,0.0024
131,0.00763,0.9659,0.6648,0.4950,-0.2985,0.0023
132,0.00758,0.9616,0.6699,0.4970,-0.2995,0.0025
133,0.00752,0.9639,0.6685,0.4940,-0.2976,0.0025
134,0.00746,0.9607,0.6650,0.4970,-0.3066,0.0022
135,0.00741,0.9612,0.6718,0.5030,-0.2995,0.0025
136,0.00735,0.9611,0.6735,0.5090,-0.2978,0.0025
137,0.00730,0.9631,0.6686,0.5010,-0.3011,0.0023
138,0.00725,0.9686,0.6682,0.4930,-0.2903,0.0024
139,0.00719,0.9684,0.6723,0.5050,-0.2867,0.0023
140,0.00714,0.9639,0.6716,0.5060,-0.2952,0.0023
141,0.00709,0.9687,0.6766,0.4960,-0.2795,0.0024
142,0.00704,0.9745,0.6752,0.4950,-0.2758,0.0023
143,0.00699,0.9724,0.6798,0.5060,-0.2695,0.0026
144,0.00694,0.9726,0.6809,0.5090,-0.2702,0.0028
145,0.00690,0.9748,0.6813,0.5030,-0.2630,0.0028
146,0.00685,0.9752,0.6859,0.5090,-0.2547,0.0029
147,0.00680,0.9796,0.6903,0.4910,-0.2418,0.0030
148,0.00676,0.9717,0.6930,0.4900,-0.2517,0.0030
149,0.00671,0.9697,0.6931,0.5000,-0.2541,0.0026
150,0.00667,0.9733,0.6904,0.5030,-0.2554,0.0027
151,0.00662,0.9776,0.6904,0.4980,-0.2498,0.0030
152,0.00658,0.9773,0.6899,0.5010,-0.2464,0.0030
153,0.00654,0.9808,0.6910,0.5000,-0.2387,0.0028
154,0.00649,0.9820,0.6869,0.5080,-0.2466,0.0026
155,0.00645,0.9813,0.6902,0.5080,-0.2413,0.0028
156,0.00641,0.9780,0.6803,0.5070,-0.2617,0.0028
157,0.00637,0.9790,0.6823,0.5070,-0.2555,0.0026
158,0.00633,0.9796,0.6790,0.4930,-0.2562,0.0025
159,0.00629,0.9821,0.6806,0.4970,-0.2507,0.0028
160,0.00625,0.9800,0.6843,0.5100,-0.2507,0.0027
161,0.00621,0.9755,0.6866,0.4940,-0.2557,0.0029
162,0.00617,0.9707,0.6874,0.5030,-0.2637,0.0029
163,0.00613,0.9688,0.6921,0.4970,-0.2565,0.0032
164,0.00610,0.9708,0.6888,0.4950,-0.2601,0.0030
165,0.00606,0.9682,0.6892,0.4970,-0.2651,0.0028
166,0.00602,0.9704,0.6819,0.4920,-0.2725,0.0026
167,0.00599,0.9689,0.6834,0.4920,-0.2697,0.0028
168,0.00595,0.9729,0.6846,0.4940,-0.2632,0.0029
169,0.00592,0.9702,0.6905,0.4970,-0.2583,0.0030
170,0.00588,0.9751,0.6956,0.4940,-0.2445,0.0031
171,0.00585,0.9728,0.6979,0.4950,-0.2430,0.0032
172,0.00581,0.9763,0.7010,0.4940,-0.2348,0.0034
173,0.00578,0.9733,0.7035,0.5050,-0.2345,0.0028
174,0.00575,0.9711,0.7033,0.5080,-0.2409,0.0035
175,0.00571,0.9693,0.6999,0.5080,-0.2475,0.0037
176,0.00568,0.9681,0.7013,0.5080,-0.2495,0.0033
177,0.00565,0.9635,0.6967,0.5010,-0.2623,0.0033
178,0.00562,0.9614,0.6993,0.5010,-0.2613,0.0033
179,0.00559,0.9601,0.7015,0.5020,-0.2595,0.0031
180,0.00556,0.9617,0.7028,0.5020,-0.2550,0.0032
181,0.00552,0.9642,0.7035,0.5060,-0.2480,0.0033
182,0.00549,0.9657,0.7050,0.4960,-0.2441,0.0030
183,0.00546,0.9645,0.7025,0.4910,-0.2482,0.0034
184,0.00543,0.9616,0.7068,0.4990,-0.2509,0.0028
185,0.00541,0.9649,0.7095,0.4970,-0.2381,0.0032
186,0.00538,0.9705,0.7117,0.5020,-0.2278,0.0035
187,0.00535,0.9714,0.7127,0.4910,-0.2235,0.0035
188,0.00532,0.9666,0.7126,0.5020,-0.2336,0.0035
189,0.00529,0.9635,0.7102,0.5020,-0.2435,0.0034
190,0.00526,0.9649,0.7113,0.5020,-0.2391,0.0033
191,0.00524,0.9644,0.7113,0.5020,-0.2375,0.0036
192,0.00521,0.9665,0.7103,0.5020,-0.2396,0.0039
193,0.00518,0.9714,0.7131,0.5010,-0.2198,0.0035
194,0.00515,0.9690,0.7136,0.5020,-0.2268,0.0036
195,0.00513,0.9694,0.7109,0.5020,-0.2292,0.0032
196,0.00510,0.9669,0.7058,0.5010,-0.2413,0.0032
197,0.00508,0.9666,0.7039,0.5050,-0.2452,0.0033
198,0.00505,0.9656,0.7018,0.4990,-0.2495,0.0031
199,0.00503,0.9697,0.7021,0.5030,-0.2456,0.0035
200,0.00500,0.9702,0.6983,0.5070,-0.2458,0.0031
201,0.00498,0.9689,0.6968,0.5030,-0.2523,0.0030
202,0.00495,0.9696,0.6951,0.5050,-0.2519,0.0030
203,0.00493,0.9716,0.6960,0.4950,-0.2497,0.0030
204,0.00490,0.9725,0.6947,0.4970,-0.2464,0.0028
205,0.00488,0.9707,0.6971,0.4950,-0.2516,0.0031
206,0.00485,0.9721,0.6957,0.4990,-0.2501,0.0032
207,0.00483,0.9731,0.7000,0.5090,-0.2396,0.0029
208,0.00481,0.9720,0.7031,0.4900,-0.2365,0.0030
209,0.00478,0.9727,0.7044,0.4950,-0.2342,0.0033
210,0.00476,0.9728,0.7050,0.4950,-0.2276,0.0035
211,0.00474,0.9716,0.7007,0.5000,-0.2458,0.0029
212,0.00472,0.9767,0.7048,0.5070,-0.2237,0.0029
213,0.00469,0.9783,0.7053,0.4950,-0.2245,0.0032
214,0.00467,0.9805,0.7067,0.5010,-0.2168,0.0035
215,0.00465,0.9794,0.7078,0.5010,-0.2168,0.0033
216,0.00463,0.9764,0.7088,0.5030,-0.2197,0.0032
217,0.00461,0.9739,0.7096,0.5030,-0.2223,0.0036
218,0.00459,0.9717,0.7076,0.5050,-0.2285,0.0034
219,0.00457,0.9711,0.7083,0.4930,-0.2280,0.0035
220,0.00455,0.9716,0.7052,0.4950,-0.2355,0.0033
221,0.00452,0.9745,0.7044,0.4920,-0.2303,0.0034
222,0.00450,0.9759,0.7068,0.4930,-0.2206,0.0035
223,0.00448,0.9723,0.7049,0.5070,-0.2347,0.0030
224,0.00446,0.9767,0.7028,0.5050,-0.2295,0.0029
225,0.00444,0.9770,0.7014,0.5050,-0.2341,0.0035
226,0.00442,0.9790,0.7033,0.5050,-0.2235,0.0033
227,0.00441,0.9764,0.7006,0.5020,-0.2349,0.0032
228,0.00439,0.9740,0.7025,0.5080,-0.2334,0.0035
229,0.00437,0.9777,0.7015,0.5020,-0.2308,0.0033
230,0.00435,0.9758,0.6984,0.4940,-0.2344,0.0033
231,0.00433,0.9793,0.6937,0.5060,-0.2402,0.0027
232,0.00431,0.9783,0.6989,0.4930,-0.2325,0.0028
233,0.00429,0.9762,0.6967,0.4940,-0.2392,0.0033
234,0.00427,0.9768,0.6994,0.4900,-0.2338,0.0030
235,0.00426,0.9800,0.7011,0.4900,-0.2240,0.0035
236,0.00424,0.9799,0.6957,0.4900,-0.2351,0.0029
237,0.00422,0.9835,0.6959,0.5030,-0.2265,0.0031
238,0.00420,0.9850,0.6946,0.5030,-0.2244,0.0034
239,0.00418,0.9872,0.6910,0.4900,-0.2275,0.0030
240,0.00417,0.9889,0.6917,0.4980,-0.2226,0.0029
241,0.00415,0.9877,0.6928,0.5030,-0.2263,0.0032
242,0.00413,0.9899,0.6941,0.4980,-0.2180,0.0029
243,0.00412,0.9893,0.6969,0.5060,-0.2136,0.0031
244,0.00410,0.9886,0.6962,0.5060,-0.2167,0.0034
245,0.00408,0.9870,0.6957,0.5060,-0.2214,0.0036
246,0.00407,0.9873,0.6993,0.5060,-0.2158,0.0035
247,0.00405,0.9900,0.6993,0.5070,-0.2090,0.0033
248,0.00403,0.9903,0.6986,0.5060,-0.2088,0.0032
249,0.00402,0.9901,0.7011,0.5070,-0.2048,0.0034
250,0.00400,0.9923,0.7007,0.5000,-0.2033,0.0031
251,0.00398,0.9899,0.6988,0.4910,-0.2176,0.0032
252,0.00397,0.9916,0.6964,0.4930,-0.2118,0.0032
253,0.00395,0.9936,0.6944,0.4930,-0.2132,0.0029
254,0.00394,0.9971,0.6972,0.4990,-0.1989,0.0033
255,0.00392,0.9962,0.6969,0.5080,-0.2023,0.0031
256,0.00391,0.9981,0.6968,0.5080,-0.1979,0.0033
257,0.00389,0.9950,0.6999,0.5080,-0.2013,0.0031
258,0.00388,0.9961,0.7026,0.5070,-0.1918,0.0032
259,0.00386,0.9957,0.7039,0.5070,-0.1938,0.0033
260,0.00385,0.9968,0.6986,0.5080,-0.1981,0.0031
261,0.00383,0.9959,0.6998,0.5080,-0.1957,0.0031
262,0.00382,0.9928,0.7001,0.5080,-0.2042,0.0033
263,0.00380,0.9919,0.6981,0.4940,-0.2074,0.0032
264,0.00379,0.9939,0.6954,0.4980,-0.2086,0.0032
265,0.00377,0.9954,0.6995,0.4980,-0.1977,0.0035
266,0.00376,0.9910,0.7008,0.5060,-0.2029,0.0036
267,0.00375,0.9929,0.7011,0.5060,-0.1986,0.0032
268,0.00373,0.9923,0.6980,0.5060,-0.2052,0.0035
269,0.00372,0.9916,0.6963,0.5060,-0.2092,0.0032
270,0.00370,0.9892,0.6985,0.5060,-0.2125,0.0033
271,0.00369,0.9893,0.6967,0.5030,-0.2112,0.0034
272,0.00368,0.9878,0.6969,0.5030,-0.2190,0.0033
273,0.00366,0.9868,0.7009,0.4940,-0.2158,0.0035
274,0.00365,0.9887,0.7020,0.4940,-0.2090,0.0035
275,0.00364,0.9879,0.7024,0.4920,-0.2097,0.0032
276,0.00362,0.9862,0.7062,0.5010,-0.2069,0.0036
277,0.00361,0.9865,0.7048,0.4910,-0.2019,0.0034
278,0.00360,0.9835,0.7023,0.4900,-0.2166,0.0032
279,0.00358,0.9826,0.7015,0.4930,-0.2189,0.0034
280,0.00357,0.9820,0.7020,0.5080,-0.2223,0.0028
281,0.00356,0.9792,0.7006,0.4970,-0.2284,0.0029
282,0.00355,0.9825,0.7015,0.5040,-0.2241,0.0030
283,0.00353,0.9807,0.7026,0.5040,-0.2248,0.0033
284,0.00352,0.9821,0.7055,0.5020,-0.2174,0.0032
285,0.00351,0.9824,0.7060,0.5020,-0.2114,0.0030
286,0.00350,0.9843,0.7048,0.4940,-0.2074,0.0040
287,0.00348,0.9845,0.7021,0.4900,-0.2153,0.0030
288,0.00347,0.9856,0.7005,0.5040,-0.2178,0.0029
289,0.00346,0.9878,0.6991,0.4940,-0.2143,0.0030
290,0.00345,0.9864,0.6968,0.4910,-0.2213,0.0031
291,0.00344,0.9892,0.6960,0.4940,-0.2159,0.0034
292,0.00342,0.9905,0.6961,0.5060,-0.2122,0.0030
293,0.00341,0.9904,0.6973,0.5060,-0.2117,0.0035
294,0.00340,0.9928,0.6982,0.4980,-0.2050,0.0033
295,0.00339,0.9914,0.6982,0.5060,-0.2068,0.0035
296,0.00338,0.9931,0.7012,0.5000,-0.2001,0.0030
297,0.00337,0.9898,0.6998,0.4910,-0.2124,0.0030
298,0.00336,0.9898,0.6997,0.5070,-0.2104,0.0028
299,0.00334,0.9893,0.6991,0.5080,-0.2127,0.0031
300,0.00333,0.9869,0.6985,0.5080,-0.2175,0.0032
301,0.00332,0.9865,0.6976,0.5100,-0.2199,0.0030
302,0.00331,0.9879,0.6987,0.5060,-0.2133,0.0032
303,0.00330,0.9874,0.6989,0.5060,-0.2156,0.0033
304,0.00329,0.9885,0.7023,0.4920,-0.2096,0.0031
305,0.00328,0.9888,0.7030,0.4910,-0.2084,0.0029
306,0.00327,0.9879,0.7009,0.5070,-0.2145,0.0031
307,0.00326,0.9887,0.7042,0.5030,-0.2037,0.0030
308,0.00325,0.9869,0.7052,0.4940,-0.2064,0.0031
309,0.00324,0.9880,0.7068,0.5030,-0.2027,0.0031
310,0.00323,0.9895,0.7044,0.4980,-0.2011,0.0029
311,0.00322,0.9899,0.7048,0.5030,-0.2029,0.0036
312,0.00321,0.9905,0.7082,0.5020,-0.1912,0.0031
313,0.00319,0.9861,0.7091,0.5090,-0.1990,0.0033
314,0.00318,0.9847,0.7075,0.4960,-0.2056,0.0035
315,0.00317,0.9853,0.7101,0.5000,-0.2003,0.0033
316,0.00316,0.9849,0.7090,0.5000,-0.2033,0.0032
317,0.00315,0.9839,0.7120,0.4900,-0.1995,0.0038
318,0.00314,0.9836,0.7129,0.4980,-0.1983,0.0038
319,0.00313,0.9846,0.7097,0.5000,-0.2038,0.0034
320,0.00313,0.9864,0.7103,0.5000,-0.1993,0.0035
321,0.00312,0.9869,0.7092,0.4960,-0.1998,0.0036
322,0.00311,0.9860,0.7072,0.4960,-0.2036,0.0032
323,0.00310,0.9838,0.7069,0.5060,-0.2082,0.0030
324,0.00309,0.9845,0.7083,0.5090,-0.2026,0.0035
325,0.00308,0.9866,0.7123,0.4920,-0.1931,0.0037
326,0.00307,0.9852,0.7137,0.5040,-0.1924,0.0033
327,0.00306,0.9861,0.7148,0.4960,-0.1919,0.0038
328,0.00305,0.9875,0.7141,0.4930,-0.1895,0.0033
329,0.00304,0.9896,0.7123,0.5030,-0.1861,0.0036
330,0.00303,0.9875,0.7106,0.5060,-0.1965,0.0034
331,0.00302,0.9850,0.7104,0.5060,-0.2003,0.0036
332,0.00301,0.9855,0.7092,0.5060,-0.2026,0.0036
333,0.00300,0.9867,0.7092,0.5060,-0.1992,0.0036
334,0.00299,0.9849,0.7110,0.4990,-0.1989,0.0035
335,0.00299,0.9816,0.7112,0.4910,-0.2061,0.0034
336,0.00298,0.9823,0.7077,0.5070,-0.2106,0.0032
337,0.00297,0.9837,0.7072,0.5020,-0.2092,0.0032
338,0.00296,0.9824,0.7065,0.4990,-0.2112,0.0036
339,0.00295,0.9815,0.7049,0.4990,-0.2169,0.0035
340,0.00294,0.9813,0.7023,0.5040,-0.2239,0.0032
341,0.00293,0.9781,0.7012,0.4980,-0.2330,0.0034
342,0.00292,0.9772,0.7008,0.4980,-0.2339,0.0033
343,0.00292,0.9767,0.7016,0.4940,-0.2307,0.0033
344,0.00291,0.9782,0.7008,0.4980,-0.2316,0.0031
345,0.00290,0.9783,0.7000,0.4980,-0.2309,0.0032
346,0.00289,0.9803,0.6997,0.5000,-0.2262,0.0037
347,0.00288,0.9793,0.7004,0.4980,-0.2312,0.0034
348,0.00287,0.9816,0.6984,0.5050,-0.2289,0.0030
349,0.00287,0.9803,0.6970,0.4930,-0.2335,0.0031
350,0.00286,0.9785,0.6987,0.4980,-0.2330,0.0034
351,0.00285,0.9796,0.6971,0.5090,-0.2348,0.0029
352,0.00284,0.9795,0.6986,0.5000,-0.2300,0.0036
353,0.00283,0.9811,0.7000,0.5070,-0.2285,0.0032
354,0.00282,0.9828,0.7015,0.4990,-0.2187,0.0034
355,0.00282,0.9832,0.7037,0.4900,-0.2134,0.0033
356,0.00281,0.9849,0.7035,0.4970,-0.2130,0.0034
357,0.00280,0.9863,0.7019,0.4970,-0.2146,0.0032
358,0.00279,0.9842,0.7029,0.4970,-0.2133,0.0035
359,0.00279,0.9840,0.7036,0.4970,-0.2115,0.0036
360,0.00278,0.9875,0.7047,0.4950,-0.2077,0.0036
361,0.00277,0.9851,0.7038,0.4970,-0.2098,0.0034
362,0.00276,0.9859,0.7038,0.4970,-0.2072,0.0035
363,0.00275,0.9883,0.7042,0.4920,-0.2065,0.0029
364,0.00275,0.9890,0.7067,0.4980,-0.1992,0.0033
365,0.00274,0.9887,0.7067,0.4910,-0.1975,0.0037
366,0.00273,0.9904,0.7076,0.4940,-0.1948,0.0035
367,0.00272,0.9907,0.7082,0.4950,-0.1896,0.0038
368,0.00272,0.9888,0.7061,0.4970,-0.2015,0.0035
369,0.00271,0.9901,0.7059,0.4970,-0.1980,0.0035
370,0.00270,0.9892,0.7051,0.4970,-0.2002,0.0035
371,0.00270,0.9885,0.7053,0.4970,-0.2012,0.0034
372,0.00269,0.9883,0.7040,0.4970,-0.2038,0.0033
373,0.00268,0.9881,0.7051,0.4970,-0.2020,0.0036
374,0.00267,0.9880,0.7030,0.4940,-0.2056,0.0033
375,0.00267,0.9875,0.7041,0.4970,-0.2062,0.0034
376,0.00266,0.9887,0.7025,0.4940,-0.2047,0.0034
377,0.00265,0.9875,0.7015,0.4900,-0.2112,0.0037
378,0.00265,0.9879,0.6992,0.4990,-0.2138,0.0034
379,0.00264,0.9869,0.6986,0.4960,-0.2152,0.0031
380,0.00263,0.9880,0.6965,0.4920,-0.2157,0.0033
381,0.00262,0.9884,0.6965,0.4920,-0.2164,0.0034
382,0.00262,0.9882,0.6967,0.4920,-0.2146,0.0031
383,0.00261,0.9928,0.6972,0.4940,-0.2041,0.0035
384,0.00260,0.9911,0.6942,0.4940,-0.2157,0.0035
385,0.00260,0.9904,0.6960,0.4940,-0.2154,0.0032
386,0.00259,0.9885,0.6964,0.4920,-0.2160,0.0031
387,0.00258,0.9885,0.6977,0.4920,-0.2152,0.0032
388,0.00258,0.9878,0.6982,0.4960,-0.2135,0.0035
389,0.00257,0.9880,0.6985,0.4960,-0.2148,0.0033
390,0.00256,0.9881,0.6979,0.4920,-0.2133,0.0034
391,0.00256,0.9840,0.6982,0.5060,-0.2255,0.0032
392,0.00255,0.9836,0.6994,0.5000,-0.2239,0.0028
393,0.00254,0.9823,0.6983,0.4910,-0.2244,0.0031
394,0.00254,0.9827,0.6986,0.5010,-0.2221,0.0030
395,0.00253,0.9853,0.6965,0.5030,-0.2205,0.0031
396,0.00253,0.9859,0.6951,0.5030,-0.2256,0.0032
397,0.00252,0.9877,0.6969,0.5060,-0.2190,0.0035
398,0.00251,0.9872,0.6983,0.5060,-0.2168,0.0032
399,0.00251,0.9877,0.6970,0.5060,-0.2203,0.0035
400,0.00250,0.9881,0.6974,0.5060,-0.2180,0.0035
401,0.00249,0.9885,0.6987,0.5060,-0.2107,0.0032
402,0.00249,0.9873,0.6973,0.5060,-0.2199,0.0032
403,0.00248,0.9863,0.6981,0.5060,-0.2213,0.0033
404,0.00248,0.9865,0.6962,0.5030,-0.2224,0.0034
405,0.00247,0.9849,0.6953,0.5030,-0.2255,0.0032
406,0.00246,0.9863,0.6941,0.5030,-0.2242,0.0032
407,0.00246,0.9852,0.6943,0.4940,-0.2250,0.0034
408,0.00245,0.9856,0.6942,0.4940,-0.2278,0.0035
409,0.00244,0.9869,0.6959,0.5030,-0.2213,0.0032
410,0.00244,0.9882,0.6955,0.5030,-0.2150,0.0036
411,0.00243,0.9872,0.6949,0.5030,-0.2222,0.0032
412,0.00243,0.9868,0.6928,0.4940,-0.2248,0.0033
413,0.00242,0.9868,0.6947,0.5030,-0.2219,0.0031
414,0.00242,0.9879,0.6944,0.5030,-0.2209,0.0032
415,0.00241,0.9880,0.6946,0.5030,-0.2205,0.0030
416,0.00240,0.9887,0.6937,0.5030,-0.2207,0.0031
417,0.00240,0.9881,0.6940,0.5030,-0.2209,0.0032
418,0.00239,0.9882,0.6931,0.5030,-0.2220,0.0033
419,0.00239,0.9879,0.6931,0.5030,-0.2225,0.0033
420,0.00238,0.9894,0.6936,0.5030,-0.2190,0.0030
421,0.00238,0.9876,0.6949,0.5030,-0.2214,0.0035
422,0.00237,0.9880,0.6951,0.5030,-0.2208,0.0033
423,0.00236,0.9870,0.6951,0.5030,-0.2192,0.0035
424,0.00236,0.9883,0.6940,0.5030,-0.2208,0.0032
425,0.00235,0.9870,0.6921,0.4940,-0.2280,0.0031
426,0.00235,0.9875,0.6915,0.4940,-0.2274,0.0030
427,0.00234,0.9871,0.6918,0.4940,-0.2290,0.0032
428,0.00234,0.9888,0.6924,0.4900,-0.2223,0.0031
429,0.00233,0.9889,0.6932,0.5030,-0.2190,0.0032
430,0.00233,0.9887,0.6933,0.5030,-0.2198,0.0030
431,0.00232,0.9877,0.6935,0.5030,-0.2217,0.0032
432,0.00231,0.9878,0.6924,0.4940,-0.2238,0.0031
433,0.00231,0.9883,0.6918,0.4940,-0.2249,0.0030
434,0.00230,0.9896,0.6912,0.4900,-0.2207,0.0033
435,0.00230,0.9886,0.6909,0.4900,-0.2266,0.0029
436,0.00229,0.9884,0.6911,0.4900,-0.2264,0.0032
437,0.00229,0.9876,0.6914,0.4940,-0.2269,0.0032
438,0.00228,0.9885,0.6908,0.4900,-0.2245,0.0033
439,0.00228,0.9883,0.6918,0.4940,-0.2232,0.0029
440,0.00227,0.9870,0.6920,0.4940,-0.2277,0.0033
441,0.00227,0.9874,0.6921,0.4940,-0.2285,0.0032
442,0.00226,0.9869,0.6912,0.4940,-0.2275,0.0031
443,0.00226,0.9864,0.6912,0.4940,-0.2323,0.0031
444,0.00225,0.9856,0.6890,0.4940,-0.2320,0.0031
445,0.00225,0.9849,0.6881,0.4920,-0.2357,0.0031
446,0.00224,0.9845,0.6882,0.4920,-0.2361,0.0030
447,0.00224,0.9812,0.6857,0.5000,-0.2479,0.0028
448,0.00223,0.9810,0.6871,0.5100,-0.2455,0.0031
449,0.00223,0.9810,0.6871,0.5100,-0.2458,0.0030
450,0.00222,0.9801,0.6870,0.5100,-0.2482,0.0029
451,0.00222,0.9799,0.6865,0.5100,-0.2476,0.0029
452,0.00221,0.9814,0.6862,0.5040,-0.2454,0.0026
453,0.00221,0.9822,0.6858,0.4990,-0.2455,0.0028
454,0.00220,0.9815,0.6885,0.5070,-0.2431,0.0028
455,0.00220,0.9808,0.6892,0.5070,-0.2406,0.0027
456,0.00219,0.9807,0.6898,0.5070,-0.2420,0.0029
457,0.00219,0.9804,0.6905,0.5070,-0.2413,0.0026
458,0.00218,0.9813,0.6910,0.5070,-0.2384,0.0029
459,0.00218,0.9815,0.6896,0.5070,-0.2417,0.0031
460,0.00217,0.9813,0.6897,0.5070,-0.2418,0.0029
461,0.00217,0.9802,0.6909,0.5070,-0.2408,0.0026
462,0.00216,0.9794,0.6919,0.5070,-0.2421,0.0030
463,0.00216,0.9807,0.6919,0.5070,-0.2410,0.0026
464,0.00216,0.9809,0.6910,0.5070,-0.2402,0.0027
465,0.00215,0.9813,0.6891,0.5070,-0.2376,0.0028
466,0.00215,0.9810,0.6886,0.5070,-0.2438,0.0030
467,0.00214,0.9813,0.6893,0.5070,-0.2409,0.0031
468,0.00214,0.9819,0.6899,0.5070,-0.2365,0.0031
469,0.00213,0.9827,0.6903,0.5070,-0.2364,0.0029
470,0.00213,0.9844,0.6916,0.4960,-0.2292,0.0030
471,0.00212,0.9857,0.6915,0.4900,-0.2272,0.0033
472,0.00212,0.9854,0.6915,0.4900,-0.2296,0.0033
473,0.00211,0.9851,0.6901,0.4900,-0.2320,0.0030
474,0.00211,0.9849,0.6888,0.4900,-0.2340,0.0032
475,0.00211,0.9843,0.6887,0.4900,-0.2341,0.0030
476,0.00210,0.9843,0.6896,0.4900,-0.2319,0.0032
477,0.00210,0.9829,0.6901,0.5070,-0.2362,0.0029
478,0.00209,0.9840,0.6916,0.5000,-0.2322,0.0029
479,0.00209,0.9845,0.6908,0.5010,-0.2323,0.0030
480,0.00208,0.9846,0.6915,0.5080,-0.2320,0.0029
481,0.00208,0.9849,0.6909,0.5080,-0.2331,0.0028
482,0.00207,0.9850,0.6900,0.5080,-0.2374,0.0030
483,0.00207,0.9838,0.6895,0.5080,-0.2403,0.0027
484,0.00207,0.9831,0.6897,0.5080,-0.2390,0.0029
485,0.00206,0.9821,0.6895,0.5080,-0.2397,0.0026
486,0.00206,0.9800,0.6896,0.5080,-0.2402,0.0029
487,0.00205,0.9789,0.6905,0.5080,-0.2466,0.0028
488,0.00205,0.9796,0.6904,0.5080,-0.2445,0.0030
489,0.00204,0.9807,0.6906,0.5080,-0.2416,0.0029
490,0.00204,0.9789,0.6895,0.4940,-0.2452,0.0029
491,0.00204,0.9793,0.6887,0.5060,-0.2464,0.0031
492,0.00203,0.9801,0.6891,0.5060,-0.2438,0.0030
493,0.00203,0.9806,0.6908,0.5060,-0.2388,0.0031
494,0.00202,0.9815,0.6914,0.5060,-0.2395,0.0030
495,0.00202,0.9805,0.6915,0.5060,-0.2350,0.0030
496,0.00202,0.9789,0.6907,0.5060,-0.2417,0.0033
497,0.00201,0.9784,0.6881,0.5060,-0.2462,0.0029
498,0.00201,0.9774,0.6902,0.5060,-0.2482,0.0030
499,0.00200,0.9788,0.6899,0.5060,-0.2436,0.0030
500,0.00200,0.9776,0.6912,0.5060,-0.2452,0.0030
501,0.00200,0.9789,0.6912,0.5060,-0.2447,0.0032
502,0.00199,0.9782,0.6917,0.5060,-0.2434,0.0028
503,0.00199,0.9776,0.6921,0.5060,-0.2444,0.0032
504,0.00198,0.9762,0.6913,0.5060,-0.2458,0.0028
505,0.00198,0.9757,0.6911,0.5060,-0.2496,0.0030
506,0.00198,0.9741,0.6924,0.4940,-0.2509,0.0027
507,0.00197,0.9743,0.6918,0.4910,-0.2498,0.0030
508,0.00197,0.9742,0.6923,0.4930,-0.2518,0.0026
509,0.00196,0.9730,0.6918,0.4920,-0.2529,0.0028
510,0.00196,0.9736,0.6913,0.4910,-0.2548,0.0026
511,0.00196,0.9728,0.6919,0.5100,-0.2567,0.0031
512,0.00195,0.9744,0.6899,0.5080,-0.2533,0.0030
513,0.00195,0.9746,0.6894,0.5080,-0.2580,0.0028
514,0.00195,0.9745,0.6903,0.5070,-0.2555,0.0029
515,0.00194,0.9730,0.6904,0.4930,-0.2543,0.0027
516,0.00194,0.9729,0.6914,0.4920,-0.2520,0.0028
517,0.00193,0.9706,0.6909,0.4910,-0.2603,0.0027
518,0.00193,0.9692,0.6903,0.5100,-0.2646,0.0027
519,0.00193,0.9695,0.6908,0.4920,-0.2583,0.0030
520,0.00192,0.9693,0.6889,0.4940,-0.2640,0.0028
521,0.00192,0.9697,0.6896,0.4940,-0.2609,0.0030
522,0.00192,0.9707,0.6891,0.4940,-0.2608,0.0031
523,0.00191,0.9707,0.6902,0.4970,-0.2576,0.0031
524,0.00191,0.9703,0.6898,0.4940,-0.2611,0.0032
525,0.00190,0.9720,0.6903,0.4910,-0.2585,0.0032
526,0.00190,0.9713,0.6881,0.5030,-0.2601,0.0028
527,0.00190,0.9699,0.6886,0.4940,-0.2626,0.0028
528,0.00189,0.9691,0.6874,0.5000,-0.2680,0.0025
529,0.00189,0.9712,0.6859,0.4910,-0.2645,0.0027
530,0.00189,0.9710,0.6858,0.5040,-0.2677,0.0026
531,0.00188,0.9709,0.6858,0.5030,-0.2636,0.0029
532,0.00188,0.9704,0.6850,0.5030,-0.2645,0.0029
533,0.00188,0.9709,0.6835,0.5030,-0.2666,0.0026
534,0.00187,0.9711,0.6843,0.5030,-0.2666,0.0028
535,0.00187,0.9720,0.6827,0.5030,-0.2652,0.0028
536,0.00187,0.9733,0.6812,0.4900,-0.2650,0.0029
537,0.00186,0.9729,0.6789,0.4930,-0.2715,0.0027
538,0.00186,0.9725,0.6805,0.5010,-0.2687,0.0027
539,0.00186,0.9723,0.6816,0.4940,-0.2665,0.0025
540,0.00185,0.9726,0.6799,0.4900,-0.2672,0.0029
541,0.00185,0.9715,0.6789,0.5010,-0.2716,0.0027
542,0.00185,0.9734,0.6787,0.4930,-0.2683,0.0028
543,0.00184,0.9727,0.6774,0.4930,-0.2710,0.0026
544,0.00184,0.9724,0.6769,0.4930,-0.2727,0.0026
545,0.00183,0.9721,0.6774,0.4930,-0.2729,0.0027
546,0.00183,0.9722,0.6765,0.4930,-0.2741,0.0027
547,0.00183,0.9703,0.6774,0.4940,-0.2765,0.0027
548,0.00182,0.9698,0.6772,0.4920,-0.2769,0.0029
549,0.00182,0.9707,0.6763,0.5050,-0.2764,0.0026
550,0.00182,0.9708,0.6761,0.5050,-0.2778,0.0027
551,0.00181,0.9714,0.6757,0.4930,-0.2779,0.0028
552,0.00181,0.9727,0.6770,0.4930,-0.2729,0.0028
553,0.00181,0.9725,0.6781,0.4930,-0.2705,0.0028
554,0.00181,0.9742,0.6778,0.4960,-0.2728,0.0028
555,0.00180,0.9744,0.6767,0.5020,-0.2682,0.0026
556,0.00180,0.9725,0.6764,0.4930,-0.2774,0.0025
557,0.00180,0.9732,0.6763,0.5050,-0.2753,0.0026
558,0.00179,0.9723,0.6755,0.4920,-0.2773,0.0026
559,0.00179,0.9725,0.6758,0.4940,-0.2756,0.0026
560,0.00179,0.9713,0.6748,0.4920,-0.2776,0.0027
561,0.00178,0.9724,0.6734,0.4920,-0.2771,0.0027
562,0.00178,0.9734,0.6736,0.4920,-0.2774,0.0028
563,0.00178,0.9734,0.6734,0.4920,-0.2766,0.0029
564,0.00177,0.9730,0.6716,0.4920,-0.2786,0.0029
565,0.00177,0.9723,0.6718,0.4920,-0.2796,0.0027
566,0.00177,0.9728,0.6731,0.4920,-0.2803,0.0026
567,0.00176,0.9735,0.6746,0.4920,-0.2760,0.0025
568,0.00176,0.9725,0.6755,0.4920,-0.2750,0.0026
569,0.00176,0.9729,0.6770,0.5010,-0.2721,0.0025
570,0.00175,0.9722,0.6763,0.5070,-0.2750,0.0025
571,0.00175,0.9723,0.6757,0.5070,-0.2735,0.0026
572,0.00175,0.9725,0.6765,0.5070,-0.2739,0.0027
573,0.00175,0.9721,0.6752,0.5070,-0.2765,0.0028
574,0.00174,0.9718,0.6750,0.5070,-0.2747,0.0029
575,0.00174,0.9722,0.6739,0.4930,-0.2772,0.0028
576,0.00174,0.9705,0.6745,0.5070,-0.2801,0.0026
577,0.00173,0.9696,0.6733,0.5070,-0.2820,0.0026
578,0.00173,0.9707,0.6725,0.4900,-0.2821,0.0025
579,0.00173,0.9696,0.6724,0.5070,-0.2837,0.0025
580,0.00172,0.9689,0.6720,0.5090,-0.2868,0.0026
581,0.00172,0.9695,0.6721,0.5070,-0.2852,0.0024
582,0.00172,0.9704,0.6728,0.4900,-0.2831,0.0026
583,0.00172,0.9709,0.6728,0.4900,-0.2829,0.0024
584,0.00171,0.9716,0.6732,0.4930,-0.2815,0.0026
585,0.00171,0.9716,0.6741,0.5070,-0.2790,0.0027
586,0.00171,0.9726,0.6743,0.4930,-0.2747,0.0024
587,0.00170,0.9720,0.6750,0.5070,-0.2765,0.0025
588,0.00170,0.9725,0.6757,0.5070,-0.2736,0.0027
589,0.00170,0.9722,0.6753,0.5070,-0.2747,0.0027
590,0.00169,0.9714,0.6752,0.5070,-0.2783,0.0026
591,0.00169,0.9719,0.6747,0.5070,-0.2753,0.0027
592,0.00169,0.9724,0.6747,0.5070,-0.2742,0.0029
593,0.00169,0.9733,0.6736,0.4930,-0.2757,0.0027
594,0.00168,0.9727,0.6712,0.4930,-0.2805,0.0027
595,0.00168,0.9718,0.6720,0.4930,-0.2824,0.0025
596,0.00168,0.9736,0.6708,0.4930,-0.2805,0.0027
597,0.00168,0.9725,0.6713,0.4930,-0.2780,0.0027
598,0.00167,0.9742,0.6712,0.4930,-0.2795,0.0026
599,0.00167,0.9734,0.6711,0.4930,-0.2793,0.0027
600,0.00167,0.9735,0.6709,0.4930,-0.2789,0.0025
601,0.00166,0.9748,0.6695,0.5010,-0.2791,0.0024
602,0.00166,0.9752,0.6699,0.5010,-0.2771,0.0024
603,0.00166,0.9759,0.6701,0.4920,-0.2761,0.0025
604,0.00166,0.9754,0.6716,0.4930,-0.2748,0.0026
605,0.00165,0.9739,0.6716,0.4930,-0.2775,0.0027
606,0.00165,0.9725,0.6707,0.4930,-0.2808,0.0026
607,0.00165,0.9739,0.6702,0.4930,-0.2786,0.0027
608,0.00164,0.9727,0.6703,0.4930,-0.2811,0.0025
609,0.00164,0.9729,0.6704,0.4930,-0.2795,0.0027
610,0.00164,0.9721,0.6708,0.4930,-0.2805,0.0025
611,0.00164,0.9718,0.6703,0.4900,-0.2823,0.0026
612,0.00163,0.9721,0.6703,0.4930,-0.2826,0.0025
613,0.00163,0.9723,0.6694,0.4930,-0.2814,0.0025
614,0.00163,0.9716,0.6675,0.5010,-0.2867,0.0025
615,0.00163,0.9723,0.6673,0.5010,-0.2831,0.0026
616,0.00162,0.9719,0.6657,0.4950,-0.2883,0.0024
617,0.00162,0.9722,0.6665,0.4950,-0.2879,0.0023
618,0.00162,0.9721,0.6658,0.4950,-0.2853,0.0024
619,0.00162,0.9716,0.6659,0.4950,-0.2868,0.0025
620,0.00161,0.9712,0.6654,0.4950,-0.2904,0.0024
621,0.00161,0.9696,0.6660,0.5010,-0.2917,0.0024
622,0.00161,0.9703,0.6667,0.5010,-0.2905,0.0024
623,0.00161,0.9694,0.6670,0.5010,-0.2913,0.0024
624,0.00160,0.9699,0.6672,0.5010,-0.2891,0.0027
625,0.00160,0.9689,0.6665,0.5010,-0.2907,0.0025
626,0.00160,0.9689,0.6659,0.5010,-0.2947,0.0024
627,0.00159,0.9687,0.6666,0.5010,-0.2922,0.0027
628,0.00159,0.9689,0.6674,0.5090,-0.2921,0.0024
629,0.00159,0.9672,0.6652,0.4980,-0.2968,0.0023
630,0.00159,0.9669,0.6650,0.4930,-0.2964,0.0025
631,0.00158,0.9670,0.6651,0.5010,-0.2956,0.0024
632,0.00158,0.9674,0.6650,0.5010,-0.2968,0.0023
633,0.00158,0.9684,0.6661,0.5010,-0.2934,0.0023
634,0.00158,0.9698,0.6668,0.5010,-0.2920,0.0025
635,0.00157,0.9697,0.6676,0.4930,-0.2887,0.0024
636,0.00157,0.9695,0.6673,0.4930,-0.2914,0.0024
637,0.00157,0.9708,0.6670,0.5010,-0.2880,0.0025
638,0.00157,0.9715,0.6657,0.4960,-0.2867,0.0024
639,0.00156,0.9724,0.6658,0.4960,-0.2868,0.0025
640,0.00156,0.9730,0.6661,0.4960,-0.2867,0.0025
641,0.00156,0.9726,0.6655,0.4960,-0.2863,0.0025
642,0.00156,0.9737,0.6649,0.4920,-0.2878,0.0025
643,0.00156,0.9735,0.6650,0.5040,-0.2881,0.0024
644,0.00155,0.9755,0.6644,0.4990,-0.2829,0.0026
645,0.00155,0.9766,0.6643,0.5010,-0.2823,0.0026
646,0.00155,0.9765,0.6628,0.4990,-0.2849,0.0024
647,0.00155,0.9763,0.6619,0.4990,-0.2879,0.0025
648,0.00154,0.9766,0.6620,0.4990,-0.2859,0.0025
649,0.00154,0.9777,0.6630,0.5010,-0.2822,0.0026
650,0.00154,0.9761,0.6633,0.4990,-0.2840,0.0026
651,0.00154,0.9777,0.6627,0.5070,-0.2827,0.0026
652,0.00153,0.9774,0.6627,0.5010,-0.2822,0.0023
653,0.00153,0.9778,0.6626,0.5070,-0.2812,0.0024
654,0.00153,0.9771,0.6618,0.4990,-0.2865,0.0026
655,0.00153,0.9778,0.6633,0.5010,-0.2791,0.0026
656,0.00152,0.9780,0.6620,0.5100,-0.2831,0.0026
657,0.00152,0.9775,0.6618,0.5080,-0.2824,0.0023
658,0.00152,0.9789,0.6611,0.5100,-0.2824,0.0026
659,0.00152,0.9796,0.6604,0.5100,-0.2805,0.0022
660,0.00152,0.9800,0.6611,0.5100,-0.2796,0.0023
661,0.00151,0.9799,0.6619,0.5100,-0.2799,0.0026
662,0.00151,0.9809,0.6625,0.5100,-0.2783,0.0023
663,0.00151,0.9799,0.6624,0.5100,-0.2796,0.0027
664,0.00151,0.9797,0.6610,0.5100,-0.2812,0.0024
665,0.00150,0.9808,0.6615,0.5100,-0.2776,0.0024
666,0.00150,0.9817,0.6630,0.5100,-0.2755,0.0025
667,0.00150,0.9825,0.6637,0.5100,-0.2741,0.0025
668,0.00150,0.9825,0.6641,0.5100,-0.2713,0.0025
669,0.00149,0.9821,0.6648,0.5100,-0.2716,0.0027
670,0.00149,0.9831,0.6648,0.5100,-0.2690,0.0024
671,0.00149,0.9830,0.6654,0.5100,-0.2700,0.0024
672,0.00149,0.9830,0.6659,0.5100,-0.2710,0.0024
673,0.00149,0.9819,0.6669,0.5100,-0.2708,0.0025
674,0.00148,0.9815,0.6670,0.5100,-0.2705,0.0027
675,0.00148,0.9804,0.6673,0.5090,-0.2729,0.0025
676,0.00148,0.9796,0.6672,0.5080,-0.2738,0.0026
677,0.00148,0.9797,0.6661,0.5100,-0.2753,0.0026
678,0.00147,0.9804,0.6660,0.5100,-0.2749,0.0024
679,0.00147,0.9809,0.6663,0.5100,-0.2750,0.0027
680,0.00147,0.9808,0.6667,0.5090,-0.2735,0.0027
681,0.00147,0.9813,0.6664,0.5100,-0.2746,0.0026
682,0.00147,0.9817,0.6666,0.5100,-0.2712,0.0025
683,0.00146,0.9821,0.6666,0.5100,-0.2712,0.0027
684,0.00146,0.9820,0.6662,0.5100,-0.2715,0.0025
685,0.00146,0.9820,0.6668,0.5100,-0.2700,0.0025
686,0.00146,0.9819,0.6666,0.5100,-0.2696,0.0025
687,0.00146,0.9819,0.6658,0.5100,-0.2722,0.0027
688,0.00145,0.9815,0.6654,0.5100,-0.2726,0.0026
689,0.00145,0.9812,0.6658,0.5100,-0.2737,0.0026
690,0.00145,0.9805,0.6659,0.5100,-0.2725,0.0025
691,0.00145,0.9809,0.6653,0.5100,-0.2738,0.0026
692,0.00145,0.9813,0.6646,0.5100,-0.2735,0.0026
693,0.00144,0.9825,0.6643,0.5100,-0.2736,0.0023
694,0.00144,0.9821,0.6657,0.5100,-0.2717,0.0023
695,0.00144,0.9821,0.6653,0.5100,-0.2755,0.0024
696,0.00144,0.9828,0.6630,0.5100,-0.2747,0.0025
697,0.00143,0.9815,0.6626,0.5100,-0.2762,0.0026
698,0.00143,0.9808,0.6615,0.5100,-0.2796,0.0023
699,0.00143,0.9808,0.6610,0.5100,-0.2792,0.0025
700,0.00143,0.9807,0.6612,0.5100,-0.2778,0.0024
701,0.00143,0.9802,0.6604,0.5100,-0.2816,0.0025
702,0.00142,0.9796,0.6609,0.5100,-0.2826,0.0024
703,0.00142,0.9794,0.6602,0.5100,-0.2833,0.0023
704,0.00142,0.9790,0.6602,0.5100,-0.2841,0.0024
705,0.00142,0.9786,0.6598,0.5050,-0.2845,0.0022
706,0.00142,0.9785,0.6602,0.5100,-0.2851,0.0022
707,0.00141,0.9795,0.6600,0.5100,-0.2822,0.0025
708,0.00141,0.9796,0.6587,0.4980,-0.2842,0.0024
709,0.00141,0.9797,0.6588,0.5080,-0.2836,0.0025
710,0.00141,0.9795,0.6590,0.5080,-0.2841,0.0025
711,0.00141,0.9799,0.6583,0.4980,-0.2815,0.0027
712,0.00140,0.9812,0.6587,0.4980,-0.2791,0.0025
713,0.00140,0.9795,0.6576,0.4970,-0.2849,0.0024
714,0.00140,0.9809,0.6568,0.4930,-0.2842,0.0024
715,0.00140,0.9804,0.6558,0.4970,-0.2838,0.0023
716,0.00140,0.9796,0.6554,0.4970,-0.2868,0.0026
717,0.00139,0.9794,0.6566,0.4970,-0.2830,0.0023
718,0.00139,0.9800,0.6559,0.4970,-0.2844,0.0026
719,0.00139,0.9790,0.6561,0.4970,-0.2869,0.0024
720,0.00139,0.9794,0.6549,0.4970,-0.2867,0.0025
721,0.00139,0.9805,0.6547,0.4990,-0.2837,0.0023
722,0.00139,0.9810,0.6552,0.4980,-0.2827,0.0025
723,0.00138,0.9806,0.6553,0.4990,-0.2830,0.0023
724,0.00138,0.9801,0.6563,0.4970,-0.2828,0.0023
725,0.00138,0.9807,0.6570,0.4930,-0.2797,0.0025
726,0.00138,0.9801,0.6572,0.4970,-0.2822,0.0024
727,0.00138,0.9793,0.6574,0.4970,-0.2871,0.0024
728,0.00137,0.9793,0.6590,0.5080,-0.2845,0.0023
729,0.00137,0.9799,0.6589,0.5080,-0.2820,0.0024
730,0.00137,0.9800,0.6583,0.4980,-0.2830,0.0022
731,0.00137,0.9791,0.6589,0.5070,-0.2835,0.0024
732,0.00137,0.9789,0.6582,0.5070,-0.2848,0.0024
733,0.00136,0.9796,0.6572,0.4970,-0.2842,0.0024
734,0.00136,0.9803,0.6564,0.4970,-0.2852,0.0024
735,0.00136,0.9804,0.6568,0.4970,-0.2798,0.0026
736,0.00136,0.9797,0.6576,0.4970,-0.2827,0.0023
737,0.00136,0.9804,0.6572,0.4980,-0.2815,0.0024
738,0.00136,0.9797,0.6571,0.4970,-0.2848,0.0024
739,0.00135,0.9807,0.6568,0.4930,-0.2834,0.0024
740,0.00135,0.9802,0.6569,0.4970,-0.2841,0.0024
741,0.00135,0.9806,0.6572,0.4980,-0.2842,0.0025
742,0.00135,0.9805,0.6578,0.4980,-0.2815,0.0024
743,0.00135,0.9793,0.6577,0.4970,-0.2830,0.0026
744,0.00134,0.9802,0.6584,0.4980,-0.2817,0.0026
745,0.00134,0.9792,0.6589,0.5080,-0.2857,0.0021
746,0.00134,0.9797,0.6588,0.5080,-0.2832,0.0024
747,0.00134,0.9802,0.6599,0.5080,-0.2810,0.0023
748,0.00134,0.9797,0.6593,0.5080,-0.2820,0.0026
749,0.00134,0.9793,0.6578,0.4970,-0.2827,0.0025
750,0.00133,0.9797,0.6585,0.4980,-0.2843,0.0024
751,0.00133,0.9797,0.6581,0.4970,-0.2809,0.0024
752,0.00133,0.9792,0.6582,0.4970,-0.2845,0.0024
753,0.00133,0.9798,0.6587,0.4980,-0.2815,0.0027
754,0.00133,0.9793,0.6573,0.4970,-0.2861,0.0025
755,0.00132,0.9800,0.6566,0.4970,-0.2849,0.0024
756,0.00132,0.9801,0.6569,0.4970,-0.2847,0.0026
757,0.00132,0.9801,0.6574,0.4970,-0.2833,0.0022
758,0.00132,0.9799,0.6576,0.4970,-0.2850,0.0025
759,0.00132,0.9795,0.6578,0.4970,-0.2832,0.0025
760,0.00132,0.9788,0.6573,0.4970,-0.2867,0.0025
761,0.00131,0.9790,0.6574,0.4970,-0.2865,0.0025
762,0.00131,0.9787,0.6566,0.4970,-0.2857,0.0025
763,0.00131,0.9773,0.6565,0.4970,-0.2914,0.0023
764,0.00131,0.9790,0.6573,0.4970,-0.2848,0.0024
765,0.00131,0.9791,0.6585,0.5070,-0.2823,0.0025
766,0.00131,0.9787,0.6579,0.4970,-0.2853,0.0024
767,0.00130,0.9780,0.6577,0.5070,-0.2874,0.0023
768,0.00130,0.9770,0.6571,0.5030,-0.2889,0.0025
769,0.00130,0.9781,0.6558,0.4970,-0.2892,0.0024
770,0.00130,0.9783,0.6571,0.4970,-0.2876,0.0023
771,0.00130,0.9778,0.6571,0.4970,-0.2875,0.0023
772,0.00130,0.9789,0.6575,0.4970,-0.2862,0.0024
773,0.00129,0.9784,0.6575,0.4970,-0.2849,0.0024
774,0.00129,0.9786,0.6571,0.4970,-0.2851,0.0023
775,0.00129,0.9782,0.6576,0.5070,-0.2869,0.0024
776,0.00129,0.9780,0.6586,0.5030,-0.2865,0.0022
777,0.00129,0.9779,0.6586,0.5030,-0.2864,0.0023
778,0.00129,0.9774,0.6592,0.5050,-0.2874,0.0024
779,0.00128,0.9787,0.6588,0.5070,-0.2856,0.0024
780,0.00128,0.9783,0.6588,0.5030,-0.2864,0.0022
781,0.00128,0.9782,0.6593,0.5050,-0.2851,0.0023
782,0.00128,0.9784,0.6585,0.5070,-0.2856,0.0023
783,0.00128,0.9780,0.6583,0.5070,-0.2836,0.0024
784,0.00128,0.9782,0.6572,0.4970,-0.2856,0.0025
785,0.00127,0.9787,0.6572,0.4970,-0.2850,0.0024
786,0.00127,0.9783,0.6566,0.4970,-0.2884,0.0023
787,0.00127,0.9800,0.6556,0.4970,-0.2839,0.0024
788,0.00127,0.9802,0.6559,0.4970,-0.2835,0.0025
789,0.00127,0.9808,0.6564,0.4970,-0.2800,0.0022
790,0.00127,0.9815,0.6568,0.4940,-0.2819,0.0024
791,0.00126,0.9814,0.6569,0.4940,-0.2820,0.0024
792,0.00126,0.9808,0.6559,0.4970,-0.2803,0.0024
793,0.00126,0.9812,0.6555,0.4980,-0.2823,0.0023
794,0.00126,0.9815,0.6558,0.4980,-0.2798,0.0020
795,0.00126,0.9812,0.6558,0.4980,-0.2828,0.0023
796,0.00126,0.9821,0.6554,0.5040,-0.2831,0.0024
797,0.00125,0.9819,0.6556,0.5040,-0.2811,0.0025
798,0.00125,0.9795,0.6565,0.5040,-0.2849,0.0024
799,0.00125,0.9801,0.6562,0.5070,-0.2838,0.0024
800,0.00125,0.9800,0.6556,0.5040,-0.2853,0.0023
801,0.00125,0.9798,0.6566,0.5070,-0.2838,0.0023
802,0.00125,0.9797,0.6562,0.5040,-0.2863,0.0023
803,0.00125,0.9793,0.6562,0.5040,-0.2840,0.0026
804,0.00124,0.9785,0.6566,0.5040,-0.2857,0.0024
805,0.00124,0.9786,0.6562,0.5040,-0.2885,0.0024
806,0.00124,0.9787,0.6546,0.5000,-0.2883,0.0023
807,0.00124,0.9792,0.6549,0.5000,-0.2898,0.0023
808,0.00124,0.9798,0.6556,0.5040,-0.2863,0.0024
809,0.00124,0.9790,0.6551,0.5000,-0.2878,0.0023
810,0.00123,0.9785,0.6553,0.5040,-0.2907,0.0024
811,0.00123,0.9782,0.6556,0.5040,-0.2867,0.0024
812,0.00123,0.9786,0.6557,0.5040,-0.2863,0.0024
813,0.00123,0.9779,0.6550,0.5040,-0.2901,0.0023
814,0.00123,0.9785,0.6546,0.5000,-0.2887,0.0024
815,0.00123,0.9788,0.6548,0.5000,-0.2884,0.0023
816,0.00123,0.9794,0.6552,0.5000,-0.2873,0.0023
817,0.00122,0.9796,0.6546,0.5000,-0.2872,0.0022
818,0.00122,0.9791,0.6543,0.5000,-0.2915,0.0022
819,0.00122,0.9792,0.6544,0.5000,-0.2879,0.0024
820,0.00122,0.9797,0.6542,0.5000,-0.2868,0.0023
821,0.00122,0.9809,0.6544,0.5000,-0.2845,0.0024
822,0.00122,0.9821,0.6537,0.5020,-0.2832,0.0023
823,0.00122,0.9826,0.6539,0.5020,-0.2823,0.0026
824,0.00121,0.9824,0.6537,0.5020,-0.2822,0.0024
825,0.00121,0.9813,0.6537,0.5000,-0.2848,0.0023
826,0.00121,0.9821,0.6539,0.5020,-0.2828,0.0023
827,0.00121,0.9824,0.6537,0.5020,-0.2827,0.0024
828,0.00121,0.9818,0.6532,0.5020,-0.2847,0.0022
829,0.00121,0.9821,0.6532,0.5020,-0.2857,0.0023
830,0.00120,0.9821,0.6529,0.5020,-0.2848,0.0023
831,0.00120,0.9817,0.6520,0.5020,-0.2865,0.0022
832,0.00120,0.9827,0.6519,0.5020,-0.2853,0.0024
833,0.00120,0.9827,0.6523,0.5020,-0.2856,0.0024
834,0.00120,0.9821,0.6527,0.5020,-0.2840,0.0023
835,0.00120,0.9821,0.6532,0.5020,-0.2846,0.0022
836,0.00120,0.9824,0.6531,0.5020,-0.2817,0.0023
837,0.00119,0.9826,0.6524,0.5020,-0.2834,0.0025
838,0.00119,0.9822,0.6527,0.5020,-0.2849,0.0023
839,0.00119,0.9823,0.6524,0.5020,-0.2848,0.0023
840,0.00119,0.9820,0.6512,0.5020,-0.2868,0.0024
841,0.00119,0.9823,0.6502,0.5020,-0.2880,0.0026
842,0.00119,0.9819,0.6494,0.5020,-0.2871,0.0026
843,0.00119,0.9813,0.6490,0.5020,-0.2891,0.0024
844,0.00118,0.9817,0.6490,0.5020,-0.2897,0.0024
845,0.00118,0.9820,0.6486,0.5020,-0.2879,0.0027
846,0.00118,0.9816,0.6483,0.5020,-0.2890,0.0024
847,0.00118,0.9819,0.6481,0.5020,-0.2863,0.0026
848,0.00118,0.9819,0.6470,0.5020,-0.2902,0.0024
849,0.00118,0.9817,0.6462,0.5020,-0.2914,0.0023
850,0.00118,0.9817,0.6459,0.5020,-0.2908,0.0025
851,0.00118,0.9808,0.6458,0.5020,-0.2929,0.0022
852,0.00117,0.9806,0.6449,0.5020,-0.2933,0.0022
853,0.00117,0.9798,0.6445,0.5020,-0.2940,0.0023
854,0.00117,0.9801,0.6451,0.5020,-0.2942,0.0024
855,0.00117,0.9805,0.6460,0.5020,-0.2919,0.0023
856,0.00117,0.9813,0.6454,0.5020,-0.2927,0.0022
857,0.00117,0.9810,0.6446,0.5020,-0.2915,0.0022
858,0.00117,0.9804,0.6435,0.5020,-0.2950,0.0023
859,0.00116,0.9808,0.6433,0.5020,-0.2957,0.0022
860,0.00116,0.9817,0.6431,0.4970,-0.2922,0.0023
861,0.00116,0.9822,0.6426,0.4950,-0.2929,0.0022
862,0.00116,0.9821,0.6420,0.4950,-0.2948,0.0023
863,0.00116,0.9825,0.6419,0.4950,-0.2943,0.0024
864,0.00116,0.9825,0.6420,0.4950,-0.2924,0.0020
865,0.00116,0.9817,0.6414,0.4950,-0.2940,0.0024
866,0.00115,0.9820,0.6415,0.4950,-0.2940,0.0022
867,0.00115,0.9812,0.6421,0.4950,-0.2935,0.0024
868,0.00115,0.9815,0.6418,0.4950,-0.2949,0.0023
869,0.00115,0.9806,0.6415,0.4950,-0.2949,0.0023
870,0.00115,0.9813,0.6410,0.4950,-0.2968,0.0022
871,0.00115,0.9810,0.6413,0.4950,-0.2949,0.0022
872,0.00115,0.9813,0.6417,0.4950,-0.2954,0.0023
873,0.00115,0.9807,0.6418,0.4950,-0.2944,0.0025
874,0.00114,0.9812,0.6420,0.4950,-0.2936,0.0023
875,0.00114,0.9809,0.6426,0.4970,-0.2960,0.0021
876,0.00114,0.9807,0.6434,0.5020,-0.2936,0.0024
877,0.00114,0.9807,0.6433,0.5020,-0.2944,0.0025
878,0.00114,0.9817,0.6438,0.5020,-0.2937,0.0023
879,0.00114,0.9821,0.6444,0.5020,-0.2927,0.0024
880,0.00114,0.9821,0.6450,0.5020,-0.2903,0.0023
881,0.00114,0.9826,0.6450,0.5020,-0.2903,0.0024
882,0.00113,0.9827,0.6451,0.5020,-0.2894,0.0024
883,0.00113,0.9826,0.6454,0.5020,-0.2907,0.0023
884,0.00113,0.9820,0.6442,0.5020,-0.2921,0.0022
885,0.00113,0.9830,0.6449,0.5020,-0.2921,0.0022
886,0.00113,0.9827,0.6451,0.5020,-0.2900,0.0022
887,0.00113,0.9824,0.6450,0.5020,-0.2907,0.0022
888,0.00113,0.9818,0.6451,0.5020,-0.2911,0.0025
889,0.00112,0.9816,0.6464,0.5020,-0.2894,0.0025
890,0.00112,0.9816,0.6460,0.5020,-0.2912,0.0024
891,0.00112,0.9823,0.6459,0.5020,-0.2889,0.0022
892,0.00112,0.9817,0.6469,0.5020,-0.2915,0.0023
893,0.00112,0.9817,0.6472,0.5020,-0.2897,0.0024
894,0.00112,0.9827,0.6472,0.5020,-0.2895,0.0023
895,0.00112,0.9822,0.6475,0.5020,-0.2888,0.0025
896,0.00112,0.9818,0.6480,0.5020,-0.2891,0.0026
897,0.00111,0.9817,0.6476,0.5020,-0.2897,0.0023
898,0.00111,0.9808,0.6463,0.5020,-0.2911,0.0023
899,0.00111,0.9810,0.6467,0.5020,-0.2918,0.0024
900,0.00111,0.9806,0.6468,0.5020,-0.2915,0.0023
901,0.00111,0.9820,0.6467,0.5020,-0.2885,0.0025
902,0.00111,0.9825,0.6473,0.5020,-0.2867,0.0026
903,0.00111,0.9821,0.6476,0.5020,-0.2898,0.0023
904,0.00111,0.9822,0.6470,0.5020,-0.2906,0.0024
905,0.00110,0.9824,0.6468,0.5020,-0.2894,0.0024
906,0.00110,0.9818,0.6462,0.5020,-0.2911,0.0025
907,0.00110,0.9807,0.6472,0.5020,-0.2906,0.0023
908,0.00110,0.9806,0.6473,0.5020,-0.2903,0.0024
909,0.00110,0.9816,0.6478,0.5020,-0.2876,0.0023
910,0.00110,0.9812,0.6474,0.5020,-0.2897,0.0025
911,0.00110,0.9814,0.6469,0.5020,-0.2907,0.0024
912,0.00110,0.9811,0.6464,0.5020,-0.2918,0.0023
913,0.00110,0.9812,0.6452,0.5020,-0.2938,0.0023
914,0.00109,0.9813,0.6453,0.5020,-0.2935,0.0023
915,0.00109,0.9811,0.6444,0.5020,-0.2944,0.0022
916,0.00109,0.9817,0.6440,0.5020,-0.2920,0.0023
917,0.00109,0.9812,0.6444,0.5020,-0.2943,0.0023
918,0.00109,0.9809,0.6450,0.5020,-0.2916,0.0024
919,0.00109,0.9807,0.6450,0.5020,-0.2928,0.0024
920,0.00109,0.9803,0.6459,0.5020,-0.2921,0.0023
921,0.00109,0.9795,0.6454,0.5020,-0.2962,0.0022
922,0.00108,0.9793,0.6456,0.5020,-0.2967,0.0023
923,0.00108,0.9789,0.6463,0.5020,-0.2931,0.0024
924,0.00108,0.9784,0.6468,0.5020,-0.2947,0.0023
925,0.00108,0.9792,0.6462,0.5020,-0.2933,0.0024
926,0.00108,0.9787,0.6462,0.5020,-0.2959,0.0023
927,0.00108,0.9793,0.6456,0.5020,-0.2944,0.0022
928,0.00108,0.9792,0.6458,0.5020,-0.2958,0.0023
929,0.00108,0.9788,0.6460,0.5020,-0.2947,0.0024
930,0.00108,0.9784,0.6459,0.5020,-0.2973,0.0021
931,0.00107,0.9784,0.6448,0.5020,-0.2964,0.0022
932,0.00107,0.9772,0.6446,0.4970,-0.2982,0.0023
933,0.00107,0.9784,0.6453,0.5020,-0.2958,0.0023
934,0.00107,0.9787,0.6452,0.5020,-0.2968,0.0022
935,0.00107,0.9785,0.6457,0.5020,-0.2967,0.0023
936,0.00107,0.9782,0.6447,0.5020,-0.2954,0.0023
937,0.00107,0.9784,0.6440,0.5020,-0.2978,0.0024
938,0.00107,0.9787,0.6437,0.5020,-0.2957,0.0023
939,0.00106,0.9786,0.6431,0.5020,-0.2973,0.0025
940,0.00106,0.9790,0.6432,0.5020,-0.2976,0.0022
941,0.00106,0.9792,0.6434,0.5020,-0.2960,0.0022
942,0.00106,0.9794,0.6436,0.5020,-0.2964,0.0022
943,0.00106,0.9809,0.6435,0.5020,-0.2950,0.0026
944,0.00106,0.9806,0.6437,0.5020,-0.2951,0.0023
945,0.00106,0.9808,0.6437,0.5020,-0.2944,0.0023
946,0.00106,0.9805,0.6441,0.5020,-0.2949,0.0023
947,0.00106,0.9809,0.6442,0.5020,-0.2929,0.0024
948,0.00105,0.9803,0.6446,0.5020,-0.2942,0.0022
949,0.00105,0.9805,0.6435,0.5020,-0.2945,0.0023
950,0.00105,0.9814,0.6440,0.5020,-0.2942,0.0023
951,0.00105,0.9816,0.6442,0.5020,-0.2940,0.0023
952,0.00105,0.9805,0.6439,0.5020,-0.2940,0.0024
953,0.00105,0.9809,0.6434,0.5020,-0.2960,0.0024
954,0.00105,0.9796,0.6437,0.5020,-0.2983,0.0024
955,0.00105,0.9799,0.6447,0.5020,-0.2945,0.0024
956,0.00105,0.9800,0.6449,0.5020,-0.2932,0.0025
957,0.00104,0.9808,0.6444,0.5020,-0.2912,0.0022
958,0.00104,0.9811,0.6434,0.5020,-0.2934,0.0022
959,0.00104,0.9811,0.6437,0.5020,-0.2934,0.0024
960,0.00104,0.9809,0.6431,0.4970,-0.2938,0.0024
961,0.00104,0.9821,0.6430,0.4970,-0.2939,0.0024
962,0.00104,0.9823,0.6441,0.5020,-0.2912,0.0023
963,0.00104,0.9826,0.6435,0.4970,-0.2921,0.0022
964,0.00104,0.9829,0.6440,0.4970,-0.2910,0.0024
965,0.00104,0.9827,0.6434,0.4950,-0.2914,0.0023
966,0.00104,0.9824,0.6431,0.4950,-0.2908,0.0023
967,0.00103,0.9832,0.6415,0.4950,-0.2932,0.0025
968,0.00103,0.9833,0.6419,0.4950,-0.2926,0.0023
969,0.00103,0.9836,0.6423,0.4950,-0.2906,0.0023
970,0.00103,0.9834,0.6413,0.4950,-0.2912,0.0024
971,0.00103,0.9834,0.6409,0.4950,-0.2924,0.0023
972,0.00103,0.9834,0.6413,0.4950,-0.2910,0.0024
973,0.00103,0.9831,0.6411,0.4950,-0.2928,0.0023
974,0.00103,0.9822,0.6411,0.4950,-0.2946,0.0025
975,0.00103,0.9823,0.6413,0.4950,-0.2949,0.0022
976,0.00102,0.9827,0.6418,0.4950,-0.2933,0.0023
977,0.00102,0.9834,0.6416,0.4950,-0.2910,0.0024
978,0.00102,0.9833,0.6408,0.4920,-0.2916,0.0024
979,0.00102,0.9842,0.6400,0.4920,-0.2900,0.0021
980,0.00102,0.9842,0.6402,0.5090,-0.2903,0.0020
981,0.00102,0.9837,0.6400,0.4920,-0.2898,0.0023
982,0.00102,0.9837,0.6402,0.5030,-0.2895,0.0025
983,0.00102,0.9837,0.6397,0.5030,-0.2909,0.0024
984,0.00102,0.9831,0.6398,0.5030,-0.2915,0.0023
985,0.00102,0.9830,0.6397,0.5030,-0.2923,0.0022
986,0.00101,0.9830,0.6394,0.5030,-0.2941,0.0021
987,0.00101,0.9824,0.6403,0.5030,-0.2929,0.0022
988,0.00101,0.9828,0.6404,0.5030,-0.2905,0.0021
989,0.00101,0.9822,0.6414,0.5010,-0.2930,0.0023
990,0.00101,0.9814,0.6407,0.5010,-0.2951,0.0024
991,0.00101,0.9819,0.6404,0.5010,-0.2955,0.0022
992,0.00101,0.9818,0.6400,0.5030,-0.2946,0.0022
993,0.00101,0.9819,0.6399,0.5030,-0.2922,0.0022
994,0.00101,0.9817,0.6389,0.5020,-0.2932,0.0023
995,0.00101,0.9827,0.6394,0.5030,-0.2911,0.0022
996,0.00100,0.9823,0.6401,0.5030,-0.2924,0.0023
997,0.00100,0.9827,0.6402,0.5030,-0.2901,0.0022
998,0.00100,0.9824,0.6403,0.5030,-0.2915,0.0022
999,0.00100,0.9816,0.6416,0.5010,-0.2923,0.0022
1000,0.00100,0.9817,0.6424,0.5010,-0.2937,0.0023
